#,ESTABLECIMIENTO,TIPO,CALLE,NUMERO,DEPTO,PARTIDO,PROVINCIA,GMAPS,PROFESIONAL,SERVICIO,AREA,HORARIOS,TELEFONO,EMAIL,WEB,COMENTARIOS,
194,Hospital General de Agudos Dr Juan A. Fernández,Público,Av. Cerviño,3356,,Palermo,CABA,https://goo.gl/maps/6FLVSDDTZTo,Cecilia Calvar,Endocrinología / Hormonización,Endocrinología,Turnos web. Martes 8.30 a 11.30 hs.,011 4808 2600 int. 1107,consultavirtualdiversidad@gmail.com,https://consultoriodiversidad.drapp.com.ar/medico/atencion-medica-presencial?cobertura=paciente-del-hospital-fernandez,Hormonizacion para hombres y mujeres trans,
195,Hospital General de Agudos Dr Juan A. Fernández,Público,Av. Cerviño,3356,,Palermo,CABA,https://goo.gl/maps/6FLVSDDTZTo,Beatriz Di Biasi,Consumo problemático de drogas/alcohol,Toxicología,Turnos Lunes de 14 a 16 hs,011 4808 2600 int. 1059,,,"drogas experimentales, ex consumidores y consumidores problematicos",
196,Hospital General de Agudos Dr Juan A. Fernández,Público,Av. Cerviño,3356,,Palermo,CABA,https://goo.gl/maps/6FLVSDDTZTo,Cecilia Calvar,Fonoaudiología,Endocrinología,Segundo y cuarto martes de cada mes 12 hs en Aula 10,011 4808 2600 int. 1107,,,,
197,Hospital General de Agudos Dr Juan A. Fernández,Público,Av. Cerviño,3356,,Palermo,CABA,https://goo.gl/maps/6FLVSDDTZTo,"Grupo Trans Vivir, Promotora Ángeles Rojas",Grupos de pares,Toxicología,Lunes de 14 a 16 hs,011 4808 2600 int. 1059,,,,
228,Hospital Jose María Ramos Mejía,Público,General Urquiza,609,,Balvanera,CABA,https://goo.gl/maps/npMgdKi7xfE2,Patricia San Martín,Endocrinología / Hormonización,Endocrinologia (Pabellón de Clinicas 2 piso),Lunes y miércoles y Viernes de 9 a 12 hs.,011 4931 1884,,http://www.hospitalramosmejia.com.ar/,,
229,Hospital Jose María Ramos Mejía,Público,General Urquiza,609,,Balvanera,CABA,https://goo.gl/maps/npMgdKi7xfE2,Grupo Trans Vivir,Grupos de pares,,Miercoles 14 a 17 hs.,011 4931 1884,,http://www.hospitalramosmejia.com.ar/,,
230,Hospital Jose María Ramos Mejía,Público,General Urquiza,609,,Balvanera,CABA,https://goo.gl/maps/npMgdKi7xfE2,Dra. Di Tulio,Ginecología,,,011 4931 1884,,http://www.hospitalramosmejia.com.ar/,,
179,Hospital de Infecciosas Francisco Javier Muñiz,Público,Uspallata,2272,,Parque Patricios,CABA,https://goo.gl/maps/PRkVAPoDpW92,"Perla Cativa, Maria Laura Malbran",Psicología / Psiquiatría,,,011 4304 2180,,http://www.buenosaires.gob.ar/hospitalmuniz,,
187,Hospital General de Agudos Carlos G. Durand,Público,Av. Díaz Velez,5044,,Almagro,CABA,https://goo.gl/maps/zSMDQqxL6gL2,Adrián Helien,Atención médica general,Gapet,,011 4982 5555/5655/1050,,https://www.buenosaires.gob.ar/hospitaldurand,,
188,Hospital General de Agudos Carlos G. Durand,Público,Av. Díaz Velez,5044,,Almagro,CABA,https://goo.gl/maps/zSMDQqxL6gL2,Adrián Helien,Cirugías de afirmación de género,Gapet,,011 4982 5555/5655/1050,,https://www.buenosaires.gob.ar/hospitaldurand,Cirugía genital y masculinización de tórax,
40,CAPS N° 6 12 De Octubre,Público,Calle 13,,,Olavarría,Buenos Aires,https://goo.gl/maps/rg6EZw6KuPq,,Atención médica general,Servicio de Diversidad,Lunes a Sábado 7 a 16 hs.,02284 45653,,,,
189,Hospital General de Agudos Carlos G. Durand,Público,Av. Díaz Velez,5044,,Almagro,CABA,https://goo.gl/maps/zSMDQqxL6gL2,Adrián Helien,Ginecología,Gapet,,011 4982 5555/5655/1050,,https://www.buenosaires.gob.ar/hospitaldurand,Calidad de vida varones trans,
190,Hospital General de Agudos Carlos G. Durand,Público,Av. Díaz Velez,5044,,Almagro,CABA,https://goo.gl/maps/zSMDQqxL6gL2,Adrián Helien,Endocrinología / Hormonización,Gapet,,011 4982 5555/5655/1050,,https://www.buenosaires.gob.ar/hospitaldurand,Para mujeres trans y varones trans,
191,Hospital General de Agudos Carlos G. Durand,Público,Av. Díaz Velez,5044,,Almagro,CABA,https://goo.gl/maps/zSMDQqxL6gL2,Adrián Helien,Urología,Gapet,,011 4982 5555/5655/1050,,https://www.buenosaires.gob.ar/hospitaldurand,,
192,Hospital General de Agudos Carlos G. Durand,Público,Av. Díaz Velez,5044,,Almagro,CABA,https://goo.gl/maps/zSMDQqxL6gL2,Adrián Helien,Grupos de pares,Gapet,,011 4982 5555/5655/1050,,https://www.buenosaires.gob.ar/hospitaldurand,Para adolescentes trans y padres,
193,Hospital General de Agudos Carlos G. Durand,Público,Av. Díaz Velez,5044,,Almagro,CABA,https://goo.gl/maps/zSMDQqxL6gL2,Adrián Helien,Psicología / Psiquiatría,Gapet,,011 4982 5555/5655/1050,,https://www.buenosaires.gob.ar/hospitaldurand,"Acompañamiento transicional para niñes y adolescentes, individual y grupal. Atención familiar y grupo de apoyo para padres",
204,Hospital Interzonal General de Agudos Eva Perón,Público,Av. Dr. Ricardo Balbín,3200,,General San Martín,Buenos Aires,https://goo.gl/maps/VpFkoNJEt3C2,"Dr. Lanza, Dr. Benitez",Cirugías de afirmación de género,Servicio de Cirugía Plástica,Turnos: Lunes a Viernes 8:30 a 11 hs.,011 4724-3000,,http://www.ms.gba.gov.ar/sitios/hevaperon/,Sólo dan turnos con el cambio registral hecho.,
233,Hospital Local Dr. Alexander Fleming,Público,Av. Brigadier General Juan Manuel de Rosas,4260,,General San Martín,Buenos Aires,https://goo.gl/maps/KpciZdFKJJn,"Mirta Esquivel, Claudia Li",Grupos de pares,Consultorio de diversidad,Viernes 16 a 20 hs,011 4580 1050- 4089 9717 / Paola Acevedo (Referente de ATTTA) 1133476362,,,,
234,Hospital Local Dr. Alexander Fleming,Público,Av. Brigadier General Juan Manuel de Rosas,4260,,General San Martín,Buenos Aires,https://goo.gl/maps/KpciZdFKJJn,"Mirta Esquivel, Claudia Li",Consumo problemático de drogas/alcohol,,Viernes 16 a 20 hs,011 4580 1050- 4089 9717 / Paola Acevedo (Referente de ATTTA) 1133476362,,,,
235,Hospital Local Dr. Alexander Fleming,Público,Av. Brigadier General Juan Manuel de Rosas,4260,,General San Martín,Buenos Aires,https://goo.gl/maps/KpciZdFKJJn,Sebastian Crespo,Ginecología,Consultorio de diversidad,Viernes 16 a 20 hs,011 4580 1050- 4089 9717 / Paola Acevedo (Referente de ATTTA) 1133476362,,,,
267,Hospital Municipal Ostaciana de Lavignole (Consultorios externos),Público,Carlos Pelegrini,620,,Morón,Buenos Aires,"https://www.google.com.ar/maps/place/Carlos+Pellegrini+620,+Mor%C3%B3n,+Provincia+de+Buenos+Aires/@-34.6548398,-58.6199166,17z/data=!3m1!4b1!4m5!3m4!1s0x95bcc76604c23eab:0x770f1724ac498d51!8m2!3d-34.6548442!4d-58.6177279",Dr. Pablo Aguirre,Endocrinología / Hormonización,Consultorio Externo. Consultorio amigable,Turnos telefónicos o demanda espontánea a las 7 hs excepto jueves. Atención: Viernes 15 a 17.30 hs.,011 4131 3311 / 4133 3352,,,Hormonización a mujeres y hombres trans.,
127,CIC Sur,Público,Miguel Calderón,1250,,Chivilcoy,Buenos Aires,https://goo.gl/maps/8Tj8AJWLin82,Mariano Lozza,Atención médica general,Consultorio amigable,Lunes a Viernes 8 a 13 hs.,02346 431267,,http://chivilcoy.gov.ar/?page_id=4304,,
128,CIC Sur,Público,Miguel Calderón,1250,,Chivilcoy,Buenos Aires,https://goo.gl/maps/8Tj8AJWLin82,Mariano Lozza,Testeo VIH y otras ITS,Consultorio amigable,,02346 431267,,,,
129,CIC Sur,Público,Miguel Calderón,1250,,Chivilcoy,Buenos Aires,https://goo.gl/maps/8Tj8AJWLin82,Mariano Lozza,Tratamiento VIH,Consultorio amigable,Lunes a Viernes 9 a 13 hs.,02346 431267,,,,
130,CIC Sur,Público,Miguel Calderón,1250,,Chivilcoy,Buenos Aires,https://goo.gl/maps/8Tj8AJWLin82,Mariano Lozza,Vacunación,Consultorio amigable,Lunes a Viernes 9 a 13 hs.,02346 431267,,,,
131,CIC Sur,Público,Miguel Calderón,1250,,Chivilcoy,Buenos Aires,https://goo.gl/maps/8Tj8AJWLin82,Mariano Lozza,Endocrinología / Hormonización,Consultorio amigable,Lunes a Viernes 9 a 13 hs.,02346 431267,,,,
132,CIC Sur,Público,Miguel Calderón,1250,,Chivilcoy,Buenos Aires,https://goo.gl/maps/8Tj8AJWLin82,,Psicología / Psiquiatría,Consultorio amigable,Lunes a Viernes 9 a 13 hs.,02346 431267,,,,
133,CIC Sur,Público,Miguel Calderón,1250,,Chivilcoy,Buenos Aires,https://goo.gl/maps/8Tj8AJWLin82,Mariano Lozza,Grupos de pares,Consultorio amigable,Lunes a Viernes 9 a 13 hs.,02346 431267,,,,
134,CIC Sur,Público,Miguel Calderón,1250,,Chivilcoy,Buenos Aires,https://goo.gl/maps/8Tj8AJWLin82,Mariano Lozza,Consumo problemático de drogas/alcohol,Consultorio amigable,Lunes a Viernes 9 a 13 hs.,02346 431267,,,,
135,CIC Sur,Público,Miguel Calderón,1250,,Chivilcoy,Buenos Aires,https://goo.gl/maps/8Tj8AJWLin82,Mariano Lozza,Servicio Social,Consultorio amigable,Lunes a Viernes 9 a 13 hs.,02346 431267,,,,
336,Policlínico San Justo,Público,Almafuerte,3016,,La Matanza,Buenos Aires,https://goo.gl/maps/2vaGirrcFfz,Gabriela Pagliano,Atención médica general,Programa de Salud Sexual,Turnos: lunes a viernes de 8 a 13 hs.,011 4651 0165 int. 197/ 01146515534 (turnos),aleher52@gmail.com,,,
337,Policlínico San Justo,Público,Almafuerte,3016,,La Matanza,Buenos Aires,https://goo.gl/maps/2vaGirrcFfz,Dr. Jorge Pueyo,Testeo VIH y otras ITS,Programa de VIH/sida,Turnos: lunes a viernes de 8 a 13 hs.,011 4651 0165 int. 197/ 01146515534 (turnos),,,,
338,Policlínico San Justo,Público,Almafuerte,3016,,La Matanza,Buenos Aires,https://goo.gl/maps/2vaGirrcFfz,Dr. Jorge Pueyo,Tratamiento VIH,Programa de VIH/sida,Turnos: lunes a viernes de 8 a 13 hs.,011 4651 0165 int. 197/ 01146515534 (turnos),,,,
339,Policlínico San Justo,Público,Almafuerte,3016,,La Matanza,Buenos Aires,https://goo.gl/maps/2vaGirrcFfz,Gabriela Pagliano,Vacunación,Programa de Salud Sexual,Turnos: lunes a viernes de 8 a 13 hs.,011 4651 0165 int. 197/ 01146515534 (turnos),,,,
340,Policlínico San Justo,Público,Almafuerte,3016,,La Matanza,Buenos Aires,https://goo.gl/maps/2vaGirrcFfz,Gabriela Pagliano,Psicología / Psiquiatría,Programa de Salud Sexual,Turnos: lunes a viernes de 8 a 13 hs.,011 4651 0165 int. 197/ 01146515534 (turnos),,,,
356,Secretaría de la Salud,Público,Av. Pres. Hipólito Yrigoyen,2945,,José C. Paz,Buenos Aires,https://goo.gl/maps/35QXqZcfx3F2,"Rocío Majul, Guillermo Gallegos",Atención médica general,Consultorio de diversidad,Miércoles y viernes 9 a 12 hs.,02320 440511 int 24 / 02320 437770,,,,
357,Secretaría de la Salud,Público,Av. Pres. Hipólito Yrigoyen,2945,,José C. Paz,Buenos Aires,https://goo.gl/maps/35QXqZcfx3F2,"Rocío Majul, Guillermo Gallegos",Testeo VIH y otras ITS,Consultorio de diversidad,Miércoles y viernes 9 a 12 hs.,02320 440511 int 24 / 02320 437770,,,,
358,Secretaría de la Salud,Público,Av. Pres. Hipólito Yrigoyen,2945,,José C. Paz,Buenos Aires,https://goo.gl/maps/35QXqZcfx3F2,"Rocío Majul, Guillermo Gallegos",Tratamiento VIH,Consultorio de diversidad,Miércoles y viernes 9 a 12 hs.,02320 440511 int 24 / 02320 437770,,,,
359,Secretaría de la Salud,Público,Av. Pres. Hipólito Yrigoyen,2945,,José C. Paz,Buenos Aires,https://goo.gl/maps/35QXqZcfx3F2,"Rocío Majul, Guillermo Gallegos",Endocrinología / Hormonización,Consultorio de diversidad,Miércoles y viernes 9 a 12 hs.,02320 440511 int 24 / 02320 437770,,,,
360,Secretaría de la Salud,Público,Av. Pres. Hipólito Yrigoyen,2945,,José C. Paz,Buenos Aires,https://goo.gl/maps/35QXqZcfx3F2,"Rocío Majul, Guillermo Gallegos",Psicología / Psiquiatría,Consultorio de diversidad,Miércoles y viernes 9 a 12 hs.,02320 440511 int 24 / 02320 437770,,,,
361,Secretaría de la Salud,Público,Av. Pres. Hipólito Yrigoyen,2945,,José C. Paz,Buenos Aires,https://goo.gl/maps/35QXqZcfx3F2,"Rocío Majul, Guillermo Gallegos",Consumo problemático de drogas/alcohol,Consultorio de diversidad,Miércoles y viernes 9 a 12 hs.,02320 440511 int 24 / 02320 437770,,,,
362,Secretaría de la Salud,Público,Av. Pres. Hipólito Yrigoyen,2945,,José C. Paz,Buenos Aires,https://goo.gl/maps/35QXqZcfx3F2,"Rocío Majul, Guillermo Gallegos",Ginecología,Consultorio de diversidad,Miércoles y viernes 9 a 12 hs.,02320 440511 int 24 / 02320 437770,,,,
363,Secretaría de la Salud,Público,Av. Pres. Hipólito Yrigoyen,2945,,José C. Paz,Buenos Aires,https://goo.gl/maps/35QXqZcfx3F2,"Rocío Majul, Guillermo Gallegos",Violencia,Consultorio de diversidad,Miércoles y viernes 9 a 12 hs.,02320 440511 int 24 / 02320 437770,,,,
364,Secretaría de la Salud,Público,Av. Pres. Hipólito Yrigoyen,2945,,José C. Paz,Buenos Aires,https://goo.gl/maps/35QXqZcfx3F2,"Rocío Majul, Guillermo Gallegos",Salud reproductiva,Consultorio de diversidad,Miércoles y viernes 9 a 12 hs.,02320 440511 int 24 / 02320 437770,,,,
93,Centro de Salud Integral Sandra Cabrera,Público,Calle 1,1723,,La Plata,Buenos Aires,https://goo.gl/maps/wCW5TnVEksQ2,Silvia Guanciarosa,Psicología / Psiquiatría,,"Lunes, Miercoles y Viernes 9 a 15:30 hs",0221 425 8115,,,Especializado en salud y contención para trabajadoras sexuales.,
94,Centro de Salud Integral Sandra Cabrera,Público,Calle 1,1723,,La Plata,Buenos Aires,https://goo.gl/maps/wCW5TnVEksQ2,Soledad Martinez,Servicio Social,,"Lunes, Martes y Viernes por la tarde",0221 425 8115,,,Especializado en salud y contención para trabajadoras sexuales.,
385,Unidad Sanitaria Juan Manuel de Rosas,Público,Ruiz de los Llanos,267,,La Matanza,Buenos Aires,https://goo.gl/maps/hmx2Xu7dm2r,Silvia Reitano,Atención médica general,Consultorio Amigable,,011 4694 3877 ,,https://www.facebook.com/unidadsanitaria.juanmanuelderosas,,
386,Unidad Sanitaria Juan Manuel de Rosas,Público,Ruiz de los Llanos,267,,La Matanza,Buenos Aires,https://goo.gl/maps/hmx2Xu7dm2r,Silvia Reitano,Testeo VIH y otras ITS,Consultorio Amigable,,011 4694 3877,,https://www.facebook.com/unidadsanitaria.juanmanuelderosas,Se realiza test rápido de VIH.,
387,Unidad Sanitaria Juan Manuel de Rosas,Público,Ruiz de los Llanos,267,,La Matanza,Buenos Aires,https://goo.gl/maps/hmx2Xu7dm2r,Silvia Reitano,Endocrinología / Hormonización,Consultorio Amigable,,011 4694 3877,,https://www.facebook.com/unidadsanitaria.juanmanuelderosas,,
388,Unidad Sanitaria Juan Manuel de Rosas,Público,Ruiz de los Llanos,267,,La Matanza,Buenos Aires,https://goo.gl/maps/hmx2Xu7dm2r,Silvia Reitano,Psicología / Psiquiatría,Consultorio Amigable,,011 4694 3877,,https://www.facebook.com/unidadsanitaria.juanmanuelderosas,,
389,Unidad Sanitaria Juan Manuel de Rosas,Público,Ruiz de los Llanos,267,,La Matanza,Buenos Aires,https://goo.gl/maps/hmx2Xu7dm2r,Silvia Reitano,Servicio Social,Consultorio Amigable,,011 4694 3877,,https://www.facebook.com/unidadsanitaria.juanmanuelderosas,,
390,Unidad Sanitaria Juan Manuel de Rosas,Público,Ruiz de los Llanos,267,,La Matanza,Buenos Aires,https://goo.gl/maps/hmx2Xu7dm2r,Silvia Reitano,Violencia,Consultorio Amigable,,011 4694 3877,,https://www.facebook.com/unidadsanitaria.juanmanuelderosas,,
391,Unidad Sanitaria Juan Manuel de Rosas,Público,Ruiz de los Llanos,267,,La Matanza,Buenos Aires,https://goo.gl/maps/hmx2Xu7dm2r,Silvia Reitano,Salud reproductiva,Consultorio Amigable,,011 4694 3877,,https://www.facebook.com/unidadsanitaria.juanmanuelderosas,,
20,CAPS Malvinas Argentinas,Público,Cacique Namuncurá,406,,Morón,Buenos Aires,https://goo.gl/maps/bAV4Q6pbGjk,"Ana Paula Fagioli, Ricardo Williams, María Fernandez Lorea, Constanza Recoder, Cristal Sabella",Atención médica general,Consultorio de Diversidad Sexual,Miércoles 9 a 17 hs.,011 4656 9488,,,Equipo intedisciplinario con promotora trans.,
21,CAPS Malvinas Argentinas,Público,Cacique Namuncurá,406,,Morón,Buenos Aires,https://goo.gl/maps/bAV4Q6pbGjk,"Ana Paula Fagioli, Ricardo Williams, María Fernandez Lorea, Constanza Recoder, Cristal Sabella",Testeo VIH y otras ITS,Consultorio de Diversidad Sexual,Miércoles 9 a 17 hs.,011 4656 9488,,,Equipo interdisciplinario con promotora trans.,
22,CAPS Malvinas Argentinas,Público,Cacique Namuncurá,406,,Morón,Buenos Aires,https://goo.gl/maps/bAV4Q6pbGjk,"Ana Paula Fagioli, Ricardo Williams, María Fernandez Lorea, Constanza Recoder, Cristal Sabella",Endocrinología / Hormonización,Consultorio de Diversidad Sexual,Miércoles 9 a 17 hs.,011 4656 9488,,,Equipo intedisciplinario con promotora trans. Acompañamiento de procesos de hormonización.,
23,CAPS Malvinas Argentinas,Público,Cacique Namuncurá,406,,Morón,Buenos Aires,https://goo.gl/maps/bAV4Q6pbGjk,"Ana Paula Fagioli, Ricardo Williams, María Fernandez Lorea, Constanza Recoder, Cristal Sabella",Psicología / Psiquiatría,Consultorio de Diversidad Sexual,Miércoles 9 a 17 hs.,011 4656 9488,,,Equipo intedisciplinario con promotora trans. Trabajo con familiares a demanda.,
24,CAPS Malvinas Argentinas,Público,Cacique Namuncurá,406,,Morón,Buenos Aires,https://goo.gl/maps/bAV4Q6pbGjk,"Ana Paula Fagioli, Ricardo Williams, María Fernandez Lorea, Constanza Recoder, Cristal Sabella",Salud bucal,Consultorio de Diversidad Sexual,Miércoles 9 a 17 hs.,011 4656 9488,,,Equipo intedisciplinario con promotora trans.,
25,CAPS Malvinas Argentinas,Público,Cacique Namuncurá,406,,Morón,Buenos Aires,https://goo.gl/maps/bAV4Q6pbGjk,"Ana Paula Fagioli, Ricardo Williams, María Fernandez Lorea, Constanza Recoder, Cristal Sabella",Salud reproductiva,Consultorio de Diversidad Sexual,Miércoles 9 a 17 hs.,011 4656 9488,,,Equipo intedisciplinario con promotora trans.,
26,CAPS Malvinas Argentinas,Público,Cacique Namuncurá,406,,Morón,Buenos Aires,https://goo.gl/maps/bAV4Q6pbGjk,"Ana Paula Fagioli, Ricardo Williams, María Fernandez Lorea, Constanza Recoder, Cristal Sabella",Grupos de pares,Consultorio de Diversidad Sexual,Miércoles 9 a 17 hs.,011 4656 9488,,,Equipo intedisciplinario con promotora trans. Actividades y temas según demanda de asistentes.,
27,CAPS Malvinas Argentinas,Público,Cacique Namuncurá,406,,Morón,Buenos Aires,https://goo.gl/maps/bAV4Q6pbGjk,"Ana Paula Fagioli, Ricardo Williams, María Fernandez Lorea, Constanza Recoder, Cristal Sabella",Ginecología,Consultorio de Diversidad Sexual,Miércoles 9 a 17 hs.,011 4656 9488,,,Equipo intedisciplinario con promotora trans. Se realiza pap y colposcopía.,
198,Hospital General de Agudos Dr Juan A. Fernández,Público,Av. Cerviño,3356,,Palermo,CABA,https://goo.gl/maps/6FLVSDDTZTo,,Servicio Social,Servicio Social,Lunes a viernes 9 a 12 hs.,011 4808 2625,,,Se atiende sin turno.,
199,Hospital General de Agudos Dr Juan A. Fernández,Público,Av. Cerviño,3356,,Palermo,CABA,https://goo.gl/maps/6FLVSDDTZTo,,Ginecología,Ginecología,,011 4808 2600 int. 1419,,,,
200,Hospital General de Agudos Dr Juan A. Fernández,Público,Av. Cerviño,3356,,Palermo,CABA,https://goo.gl/maps/6FLVSDDTZTo,,Vacunación,Vacunatorio,Lunes a viernes 8 a 16 hs.,,,,Ir con orden médica con la indicación.,
180,Hospital de Infecciosas Francisco Javier Muñiz,Público,Uspallata,2272,,Parque Patricios,CABA,https://goo.gl/maps/PRkVAPoDpW92,,Tratamiento VIH,Infectología,,011 4304 2180,,,,
236,Hospital Local Dr. Alexander Fleming,Público,Av. Brigadier General Juan Manuel de Rosas,4260,,General San Martín,Buenos Aires,https://goo.gl/maps/KpciZdFKJJn,,Atención médica general,Consultorio de diversidad,Viernes 16 a 20 hs,011 4580 1050- 4089 9717 / Paola Acevedo (Referente de ATTTA) 1133476362,,,,
237,Hospital Local Dr. Alexander Fleming,Público,Av. Brigadier General Juan Manuel de Rosas,4260,,General San Martín,Buenos Aires,https://goo.gl/maps/KpciZdFKJJn,,Deportes,Consultorio de diversidad - Natatorio Municipal,Viernes 20 a 21 hs,011 4580 1050- 4089 9717 / Paola Acevedo (Referente de ATTTA) 1133476362,,,Natación en el Natatorio municipal frente al Hospital.,
238,Hospital Local Dr. Alexander Fleming,Público,Av. Brigadier General Juan Manuel de Rosas,4260,,General San Martín,Buenos Aires,https://goo.gl/maps/KpciZdFKJJn,,Testeo VIH y otras ITS,Consultorio de diversidad,Viernes 16 a 20 hs,011 4580 1050- 4089 9717 / Paola Acevedo (Referente de ATTTA) 1133476362,,,Se realiza test rápido de VIH,
239,Hospital Local Dr. Alexander Fleming,Público,Av. Brigadier General Juan Manuel de Rosas,4260,,General San Martín,Buenos Aires,https://goo.gl/maps/KpciZdFKJJn,,Tratamiento VIH,Consultorio de diversidad,Viernes 16 a 20 hs,011 4580 1050- 4089 9717 / Paola Acevedo (Referente de ATTTA) 1133476362,,,,
240,Hospital Local Dr. Alexander Fleming,Público,Av. Brigadier General Juan Manuel de Rosas,4260,,General San Martín,Buenos Aires,https://goo.gl/maps/KpciZdFKJJn,,Vacunación,Vacunatorio,Viernes 16 a 20 hs,011 4580 1050- 4089 9717 / Paola Acevedo (Referente de ATTTA) 1133476362,,,,
241,Hospital Local Dr. Alexander Fleming,Público,Av. Brigadier General Juan Manuel de Rosas,4260,,General San Martín,Buenos Aires,https://goo.gl/maps/KpciZdFKJJn,,Endocrinología / Hormonización,Consultorio de diversidad,Viernes 15 a 20 hs,011 4580 1050- 4089 9717 / Paola Acevedo (Referente de ATTTA) 1133476362,,,Hormonización para mujeres y hombres trans.,
242,Hospital Local Dr. Alexander Fleming,Público,Av. Brigadier General Juan Manuel de Rosas,4260,,General San Martín,Buenos Aires,https://goo.gl/maps/KpciZdFKJJn,,Cirugías de afirmación de género,Consultorio de diversidad,Viernes 16 a 20 hs,011 4580 1050- 4089 9717 / Paola Acevedo (Referente de ATTTA) 1133476362,,,"No realizan la cirugía, pero sí asesoran y derivan hacia hospitales que la realicen.",
243,Hospital Local Dr. Alexander Fleming,Público,Av. Brigadier General Juan Manuel de Rosas,4260,,General San Martín,Buenos Aires,https://goo.gl/maps/KpciZdFKJJn,,Psicología / Psiquiatría,Consultorio de diversidad,Viernes 16 a 20 hs,011 4580 1050- 4089 9717 / Paola Acevedo (Referente de ATTTA) 1133476362,,,,
244,Hospital Local Dr. Alexander Fleming,Público,Av. Brigadier General Juan Manuel de Rosas,4260,,General San Martín,Buenos Aires,https://goo.gl/maps/KpciZdFKJJn,,Servicio Social,Consultorio de diversidad,Viernes 16 a 20 hs,011 4580 1050- 4089 9717 / Paola Acevedo (Referente de ATTTA) 1133476362,,,,
245,Hospital Local Dr. Alexander Fleming,Público,Av. Brigadier General Juan Manuel de Rosas,4260,,General San Martín,Buenos Aires,https://goo.gl/maps/KpciZdFKJJn,,Violencia,Consultorio de diversidad,Viernes 16 a 20 hs,011 4580 1050- 4089 9717 / Paola Acevedo (Referente de ATTTA) 1133476362,,,,
246,Hospital Local Dr. Alexander Fleming,Público,Av. Brigadier General Juan Manuel de Rosas,4260,,General San Martín,Buenos Aires,https://goo.gl/maps/KpciZdFKJJn,,Salud reproductiva,Consultorio de diversidad,Viernes 16 a 20 hs,011 4580 1050- 4089 9717 / Paola Acevedo (Referente de ATTTA) 1133476362,,,,
268,Hospital Municipal Ostaciana de Lavignole (Consultorios externos),Público,Carlos Pelegrini,622,,Morón,Buenos Aires,https://goo.gl/maps/i8znP9msSiE2,,Atención médica general,Consultorio Externo. Consultorio amigable,Turnos telefónicos o demanda espontánea a las 7 hs excepto jueves. Atención: Viernes 15 a 17.30 hs.,011 4133 3351,,,,
269,Hospital Municipal Ostaciana de Lavignole (Consultorios externos),Público,Carlos Pelegrini,622,,Morón,Buenos Aires,https://goo.gl/maps/i8znP9msSiE2,,Testeo VIH y otras ITS,Consultorio Externo. Consultorio amigable,Turnos telefónicos o demanda espontánea a las 7 hs excepto jueves. Atención: Viernes 15 a 17.30 hs.,011 4133 3351,,,,
270,Hospital Municipal Ostaciana de Lavignole (Consultorios externos),Público,Carlos Pelegrini,622,,Morón,Buenos Aires,https://goo.gl/maps/i8znP9msSiE2,,Ginecología,Consultorio Externo. Consultorio amigable,Turnos telefónicos o demanda espontánea a las 7 hs excepto jueves. Atención: Viernes 15 a 17.30 hs.,011 4133 3351,,,Realización de PAP.,
271,Hospital Municipal Ostaciana de Lavignole (Consultorios externos),Público,Carlos Pelegrini,622,,Morón,Buenos Aires,https://goo.gl/maps/i8znP9msSiE2,,Vacunación,Consultorio Externo. Consultorio amigable,Turnos telefónicos o demanda espontánea a las 7 hs excepto jueves. Atención: Viernes 15 a 17.30 hs.,011 4133 3351,,,,
272,Hospital Municipal Ostaciana de Lavignole (Consultorios externos),Público,Carlos Pelegrini,622,,Morón,Buenos Aires,https://goo.gl/maps/i8znP9msSiE2,,Salud reproductiva,Consultorio Externo. Consultorio amigable,Turnos telefónicos o demanda espontánea a las 7 hs excepto jueves. Atención: Viernes 15 a 17.30 hs.,011 4133 3351,,,,
95,Centro de Salud Integral Sandra Cabrera,Público,Calle 1,1723,,La Plata,Buenos Aires,https://goo.gl/maps/wCW5TnVEksQ2,,Atención médica general,,Lunes a viernes 9 a 15.30,0221 425 8115,,,Especializado en salud y contención para trabajadoras sexuales.,
96,Centro de Salud Integral Sandra Cabrera,Público,Calle 1,1723,,La Plata,Buenos Aires,https://goo.gl/maps/wCW5TnVEksQ2,,Testeo VIH y otras ITS,,Lunes a viernes 9 a 15.30,0221 425 8115,,,Especializado en salud y contención para trabajadoras sexuales.,
97,Centro de Salud Integral Sandra Cabrera,Público,Calle 1,1723,,La Plata,Buenos Aires,https://goo.gl/maps/wCW5TnVEksQ2,,Violencia,,Lunes a viernes 9 a 15.30,0221 425 8115,,,Especializado en salud y contención para trabajadoras sexuales.,
98,Centro de Salud Integral Sandra Cabrera,Público,Calle 1,1723,,La Plata,Buenos Aires,https://goo.gl/maps/wCW5TnVEksQ2,,Salud reproductiva,,Lunes a viernes 9 a 15.30,0221 425 8115,,,Especializado en salud y contención para trabajadoras sexuales.,
104,Centro de Salud Villa Vatteone,Público,Av. 12 de Octubre,363,,Florencio Varela,Buenos Aires,https://goo.gl/maps/vxULcaDNJHv,,Atención médica general,,Lunes a viernes 8 a 14 hs,011 4287 3160,,,,
105,Centro de Salud Villa Vatteone,Público,Av. 12 de Octubre,363,,Florencio Varela,Buenos Aires,https://goo.gl/maps/vxULcaDNJHv,,Ginecología,,Lunes a viernes 8 a 14 hs,011 4287 3160,,,Realización de PAP,
106,Centro de Salud Villa Vatteone,Público,Av. 12 de Octubre,363,,Florencio Varela,Buenos Aires,https://goo.gl/maps/vxULcaDNJHv,,Vacunación,,Lunes a viernes 8 a 14 hs,011 4287 3160,,,,
107,Centro de Salud Villa Vatteone,Público,Av. 12 de Octubre,363,,Florencio Varela,Buenos Aires,https://goo.gl/maps/vxULcaDNJHv,,Endocrinología / Hormonización,,Lunes a viernes 8 a 14 hs,011 4287 3160,,,,
119,CeSAC 39,Público,24 de Noviembre,1679,,Boedo,CABA,https://goo.gl/maps/CWzMo9xX9Kz,,Testeo VIH y otras ITS,CEPAD,Lunes de 10 a 13 y 14 a 16:30 hs.,011 4911 3576,,,Se realiza test rápido de VIH.,
120,CeSAC 39,Público,24 de Noviembre,1679,,Boedo,CABA,https://goo.gl/maps/CWzMo9xX9Kz,Diego Dostal (Endocrinólogo),Endocrinología / Hormonización,,Jueves 9 a 11 hs.,011 4911 3576,,,Hormonización para mujeres y hombres trans.,
67,Casa Trans,Organización Social,Av. Jujuy,1343,,San Cristóbal,CABA,https://goo.gl/maps/purmh8fHEcr,,Testeo VIH y otras ITS,,Martes y jueves 16 a 20 hs.,011 50326335,atttainfo@gmail.com,http://attta.org.ar/,,
68,Casa Trans,Organización Social,Av. Jujuy,1343,,San Cristóbal,CABA,https://goo.gl/maps/purmh8fHEcr,,Vacunación,,Lunes a viernes 13 a 20 hs.,011 50326335,atttainfo@gmail.com,http://attta.org.ar/,Vacuna contra neumococo y antigripal. Consultar por teléfono para confirmar días y horarios.,
69,Casa Trans,Organización Social,Av. Jujuy,1343,,San Cristóbal,CABA,https://goo.gl/maps/purmh8fHEcr,,Psicología / Psiquiatría,,Lunes 14 a 16 hs.,011 50326335,atttainfo@gmail.com,http://attta.org.ar/,,
70,Casa Trans,Organización Social,Av. Jujuy,1343,,San Cristóbal,CABA,https://goo.gl/maps/purmh8fHEcr,,Deportes,,Viernes 19.30 hs.,011 50326335,atttainfo@gmail.com,http://attta.org.ar/,Fútbol mixto. Se juntan en Casa Trans y van a un polideportivo.,
71,Casa Trans,Organización Social,Av. Jujuy,1343,,San Cristóbal,CABA,https://goo.gl/maps/purmh8fHEcr,,Capacitación laboral,,Lunes a viernes 13 a 20 hs.,011 50326335,atttainfo@gmail.com,http://attta.org.ar/,Se realizan cursos sobre diferentes temáticas. Consultar oferta disponible.,
72,Casa Trans,Organización Social,Av. Jujuy,1343,,San Cristóbal,CABA,https://goo.gl/maps/purmh8fHEcr,,Servicio Social,,Lunes a viernes 13 a 20 hs.,011 50326335,atttainfo@gmail.com,http://attta.org.ar/,"Asesoramiento sobre pensiones, cambio registral, etc.",
73,Casa Trans,Organización Social,Av. Jujuy,1343,,San Cristóbal,CABA,https://goo.gl/maps/purmh8fHEcr,,Violencia,,Lunes a viernes 13 a 20 hs.,011 50326335,atttainfo@gmail.com,http://attta.org.ar/,Asesoramiento y articulación con la Defensoría LGBT.,
74,Casa Trans,Organización Social,Av. Jujuy,1343,,San Cristóbal,CABA,https://goo.gl/maps/purmh8fHEcr,,Educación,,Miércoles 14 hs.,011 50326335,atttainfo@gmail.com,http://attta.org.ar/,Apoyo para terminalidad educativa de primario y secundario.,
275,Hospital Municipal Ramón Santamarina,Público,General Paz,1406,,Tandil,Buenos Aires,https://goo.gl/maps/XURAHWCrddy,,Atención médica general,Unidad de Medicina Familiar Consultorio Diversidad,,0249 44 220 10 al 14 int 216,,http://hospitaldbv.hrsantamarina.org.ar/c/turnos/291,,
276,Hospital Municipal Ramón Santamarina,Público,General Paz,1406,,Tandil,Buenos Aires,https://goo.gl/maps/XURAHWCrddy,,Endocrinología / Hormonización,Unidad de Medicina Familiar Consultorio Diversidad,,0249 44 220 10 al 14 int 216,,http://hospitaldbv.hrsantamarina.org.ar/c/turnos/291,,
412,Unidad Sanitaria Nº 34,Público,Perdriel,,,Merlo,Buenos Aires,https://goo.gl/maps/a3FNNsbriLw,Dra. Natalia Piluzo,Atención médica general,Consultorio Diversidad,Martes 8 a 15 hs.,0220 485 1430,,,,
414,Unidad Sanitaria Nº 5,Público,De la Unión,1205,,Merlo,Buenos Aires,https://goo.gl/maps/JMTmLGCKs1z,Dra. Natalia Piluzo,Atención médica general,Consultorio Diversidad,Viernes 10 a 15 hs.,0220 493 0822,,,,
415,Unidad Sanitaria Nº 5,Público,De la Unión,1205,,Merlo,Buenos Aires,https://goo.gl/maps/JMTmLGCKs1z,,Endocrinología / Hormonización,Consultorio Diversidad,Viernes 10 a 15 hs.,0220 493 0822,,,Hormonización para mujeres y hombres trans.,
410,Unidad Sanitaria Nº 11,Público,Av. José de San Martín,,,Merlo,Buenos Aires,https://goo.gl/maps/Ag1jfSjAkGp,Dra. Natalia Piluzo,Atención médica general,Consultorio Diversidad,Miercoles y jueves 8:30 a 14 hs.,0220 480 0111,,,,
411,Unidad Sanitaria Nº 11,Público,Av. José de San Martín,,,Merlo,Buenos Aires,https://goo.gl/maps/Ag1jfSjAkGp,Dra. Natalia Piluzo,Endocrinología / Hormonización,Consultorio Diversidad,Miercoles y jueves 8:30 a 14 hs.,0220 480 0111,,,Hormonización para mujeres y hombres trans.,
257,Hospital Municipal Dr. Angel Pintos,Público,Amado Diab,270,,Azul,Buenos Aires,https://goo.gl/maps/QQDNa5Gt51F2,,Atención médica general,Consultorio Diversidad,Lunes a Viernes 8 a 13 hs.,02281 43 5200 int 433127,,,Sexología: Miércoles 17 hs.,
258,Hospital Municipal Dr. Angel Pintos,Público,Amado Diab,270,,Azul,Buenos Aires,https://goo.gl/maps/QQDNa5Gt51F2,,Endocrinología / Hormonización,Consultorio Diversidad,Lunes a Viernes 8 a 13 hs.,02281 43 5200 int 433127,,,Sexología: Miércoles 17 hs.,
168,Fundación Huésped,Organización Social,Carlos Gianantonio (ex Peluffo),3932,,Almagro,CABA,https://goo.gl/maps/nZm9L2jZkvs,Dra. Noelia Cabrera,Endocrinología / Hormonización,,Martes 14 a 16 hs.,0800 222 4837,info@huesped.org.ar,https://www.huesped.org.ar,Hormonización para mujeres y hombres que inician tratamiento hormonal. Requiere turno previo. Hay acompañamiento de pares trans.,
169,Fundación Huésped,Organización Social,Carlos Gianantonio (ex Peluffo),3932,,Almagro,CABA,https://goo.gl/maps/nZm9L2jZkvs,,Capacitación laboral,Atención personalizada,Lunes a viernes 9 a 17 hs.,0800 222 4837,info@huesped.org.ar,https://www.huesped.org.ar,Entrevistas para la creación de curriculum y búsqueda de empleo. Hay acompañamiento de pares trans.,
170,Fundación Huésped,Organización Social,Carlos Gianantonio (ex Peluffo),3932,,Almagro,CABA,https://goo.gl/maps/nZm9L2jZkvs,,Servicio Social,Promoción de derechos,Lunes a viernes 9 a 17 hs.,0800 222 4837,info@huesped.org.ar,https://www.huesped.org.ar,"Asesoramiento y defensa legal en casos de discriminación (laboral, en ámbito educativo, salud, etc.), acompañamiento en reclamos de acceso a tratamientos, violación de confidencialidad, incumplimiento dentro del sistema de salud, temas de salud sexual y reproductiva, migración y seguros, entre otros.",
171,Fundación Huésped,Organización Social,Carlos Gianantonio (ex Peluffo),3932,,Almagro,CABA,https://goo.gl/maps/nZm9L2jZkvs,,Testeo VIH y otras ITS,,Lunes a viernes 13 a 17 hs.,0800 222 4837,info@huesped.org.ar,https://www.huesped.org.ar,Hay test rápdo de VIH. Se sugiere sacar turno previo. Hay acompañamiento de pares trans.,
99,Centro de Salud Mental Ameghino,Público,Av. Córdoba,3120,,Recoleta,CABA,https://goo.gl/maps/GCU8FtXURzF2,"Cecilia Montenegro, Leonor Suárez, Pablo Tajman, Juan Pablo Pulleiro",Psicología / Psiquiatría,,"Consultorios Externos Niños y Jóvenes Turno mañana: admisión Ma y Ju 8.30 hs.
Turno tarde: Lu y mi 12.30 hs.
Turno vespertino: admisión Lu y ju 15.30 hs.
Grupos. Niños, adolescentes, padres, admisión: Lu 12.30 hs.",011 3723 0224,atencionpersonastrans@gmail.com,,"Atención psicológica a niñes, adolescentes y adultes. Orientación a familiares.",
7,Bachillerato Popular Mocha Celis,Organización Social,Av. Federico Lacroze,4181,,Chacarita,CABA,https://goo.gl/maps/PivFAyLp4ZB2,,Educación,,,011 4554-9048,bp.mochacelis@gmail.com,http://www.bachilleratomochacelis.edu.ar,Escuela secundaria y terminalidad de escuela primaria.,
226,Hospital José María Penna,Público,Pedro Chutro,3380,,Parque Patricios,CABA,https://goo.gl/maps/i4zbq1QRYfA2,,Testeo VIH y otras ITS,Infectología,,011 4911 7231,,,Se realiza test rápido de VIH.,
227,Hospital José María Penna,Público,Pedro Chutro,3380,,Parque Patricios,CABA,https://goo.gl/maps/i4zbq1QRYfA2,,Tratamiento VIH,Infectología,,011 4911 7231,,,,
151,Defensoría LGBT,Público,Av. de Mayo,881,2º piso J,Monserrat,CABA,https://goo.gl/maps/zHJr7mzvK9U2,,Servicio Social,,,011 4338-4900 int. 8106/8109,defensoria@lgbt.org.ar,http://www.buenosaires.gob.ar/guiajuridicagratuita/defensoria-lgbt-lesbianas-gays-bisexuales-y-trans,"Asesoramiento jurídico gratuito, servicio de consultoría e intervención ante situaciones de discriminación. Facebook: https://www.facebook.com/defensorialgbt",
152,Defensoría LGBT,Público,Av. de Mayo,881,2º piso J,Monserrat,CABA,https://goo.gl/maps/zHJr7mzvK9U2,,Violencia,,,011 4338-4900 int. 8106/8109,defensoria@lgbt.org.ar,http://www.buenosaires.gob.ar/guiajuridicagratuita/defensoria-lgbt-lesbianas-gays-bisexuales-y-trans,Violencia de familia y doméstica Facebook: https://www.facebook.com/defensorialgbt,
157,Dirección General de Convivencia en la Diversidad,Público,Teniente gral Perón,3175,4°piso,Balvanera,CABA,https://goo.gl/maps/JH454rTX9bx,Natasha Steinberg,Servicio Social,,,011 4346 8900 Int. (4281),convivenciaenladiversidad@buenosaires.gob.ar,http://www.buenosaires.gob.ar/derechoshumanos/convivencia-en-la-diversidad,"Brinda apoyo, contención y asesoramiento integral en lo referente a la protección de derechos. Recibe denuncias de vulneración de derechos.",
3,Asociación Civil Nexo,Organización Social,Av. Callao,339,6º A y B,San Nicolás,CABA,https://goo.gl/maps/AnVFUQ8FXRL2,Alejandra Cuello,Testeo VIH y otras ITS,,Turnos por whatsapp. Lunes a viernes de 16:00 a 21:00 hs,54 11 6228-3770(turnos),info@nexo.org,http://www.nexo.org/,"Se realiza test rápido, no requiere turno, se solicitan dos horas de ayuno",
65,Cáritas - Comisión Nacional,Organización Social,Balcarce,236,1°piso,Monserrat,CABA,https://goo.gl/maps/ux1SRxYjTxD2,Sra. Zara Corbalan,Servicio Social,,,011 6091 0300 / 4342 8650 / 7931,comisionacional@caritas.org.ar,https://www.caritas.org.ar,"Fallecimiento, traslado y cajón gratis, también refugio.",
75,Cenareso - Hospital Especializado en Salud Mental y Adicciones,Público,Combate de los Pozos,2133,,Parque Patricios,CABA,https://goo.gl/maps/sbJ9hGAiAfr,,Consumo problemático de drogas/alcohol,,SIN turno: Lunes a viernes de 8 a 14 hs. CON turno: lunes a viernes de 14 a 20 hs.,Turnos: 011 4305 0091 al 96 Int. 1155/1106/2106,direccion@cenareso.gob.ar,https://hospitalbonaparte.gob.ar/,"El Hospital ofrece distintos tipos de tratamiento: Hospital de Día, consultorios externos, internación, dispositivo de Niñez y Adolescencia. Guardia 24 hs.",
416,Unidad Sanitaria Nueva Fiorito,Público,Larrazabal,2696,,Lomas de Zamora,Buenos Aires,https://goo.gl/maps/idpPPXpvvHG2,Ana Da Cruz,Salud reproductiva,Consultorio amigable,,011 2000 8647,usnuevafiorito@gmail.com,,,
417,Unidad Sanitaria Nueva Fiorito,Público,Larrazabal,2696,,Lomas de Zamora,Buenos Aires,https://goo.gl/maps/idpPPXpvvHG2,,Ginecología,Consultorio amigable,,011 2000 8647,usnuevafiorito@gmail.com,,,
418,Unidad Sanitaria Nueva Fiorito,Público,Larrazabal,2696,,Lomas de Zamora,Buenos Aires,https://goo.gl/maps/idpPPXpvvHG2,Ana Da Cruz,Psicología / Psiquiatría,Consultorio amigable,,011 2000 8647,usnuevafiorito@gmail.com,,,
419,Unidad Sanitaria Nueva Fiorito,Público,Larrazabal,2696,,Lomas de Zamora,Buenos Aires,https://goo.gl/maps/idpPPXpvvHG2,Ana Da Cruz,Salud bucal,Consultorio amigable,,011 2000 8647,usnuevafiorito@gmail.com,,,
420,Unidad Sanitaria Nueva Fiorito,Público,Larrazabal,2696,,Lomas de Zamora,Buenos Aires,https://goo.gl/maps/idpPPXpvvHG2,Ana Da Cruz,Servicio Social,Consultorio amigable,,011 2000 8647,usnuevafiorito@gmail.com,,,
421,Unidad Sanitaria Nueva Fiorito,Público,Larrazabal,2696,,Lomas de Zamora,Buenos Aires,https://goo.gl/maps/idpPPXpvvHG2,Ana Da Cruz,Vacunación,Consultorio amigable,,011 2000 8647,usnuevafiorito@gmail.com,,,
422,Unidad Sanitaria Nueva Fiorito,Público,Larrazabal,2696,,Lomas de Zamora,Buenos Aires,https://goo.gl/maps/idpPPXpvvHG2,Ana Da Cruz,Testeo VIH y otras ITS,Consultorio amigable,,011 2000 8647,usnuevafiorito@gmail.com,,,
334,Policlínico Regional Villa Mercedes,Público,Maipú,450,,Villa Mercedes,San Luis,https://goo.gl/maps/XmUpjoRdhJM2,Alejandra Cuello,Testeo VIH y otras ITS,Consultorios Externos,todos los dias 8 y 13,02657 42-1415,infectologia_vm@yahoo.com.ar,,Se realiza test rápido de VIH.,
335,Policlínico Regional Villa Mercedes,Público,Maipú,450,,Villa Mercedes,San Luis,https://goo.gl/maps/XmUpjoRdhJM2,Alejandra Cuello,Tratamiento VIH,Consultorios Externos,Martes y Jueves desde 8 hs,02657 42-1415,infectologia_vm@yahoo.com.ar,,,
323,HZGA Balestrini,Público,Ruta 4,,,La Matanza,Buenos Aires,https://goo.gl/maps/6uQH2rJEUS22,José María Malvido,Atención médica general,Consultorio de salud sexual y reproductiva,,011 4620 1313,saludsexualbalestrini@gmail.com,,No supieron confirmarme dias ni horarios,
324,HZGA Balestrini,Público,Ruta 4,,,La Matanza,Buenos Aires,https://goo.gl/maps/6uQH2rJEUS22,,Testeo VIH y otras ITS,Laboratorio,,011 4620 1313,,,No supieron confirmarme dias ni horarios,
325,HZGA Balestrini,Público,Ruta 4,,,La Matanza,Buenos Aires,https://goo.gl/maps/6uQH2rJEUS22,José María Malvido,Tratamiento VIH,Consultorio de salud sexual y reproductiva,,011 4620 1313,saludsexualbalestrini@gmail.com,,No supieron confirmarme dias ni horarios,
326,HZGA Balestrini,Público,Ruta 4,,,La Matanza,Buenos Aires,https://goo.gl/maps/6uQH2rJEUS22,,Vacunación,,,011 4620 1313,,,No supieron confirmarme dias ni horarios,
327,HZGA Balestrini,Público,Ruta 4,,,La Matanza,Buenos Aires,https://goo.gl/maps/6uQH2rJEUS22,,Servicio Social,Servicio Social,,011 4620 1313,,,No supieron confirmarme dias ni horarios,
214,Hospital José Antonio Ceballos,Público,Gerónimo del Barco,1289,,Bell Ville,Córdoba,https://goo.gl/maps/7xuQcEYBvxj,,Salud reproductiva,Ginecología,,03537 42 1007,,https://www.facebook.com/hospitalbellvilleoficial/,No supieron confirmarme dias ni horarios,
215,Hospital José Antonio Ceballos,Público,Gerónimo del Barco,1289,,Bell Ville,Córdoba,https://goo.gl/maps/7xuQcEYBvxj,,Atención médica general,Consultorios externos,,3538 42 1007,,https://www.facebook.com/hospitalbellvilleoficial/,No supieron confirmarme dias ni horarios,
216,Hospital José Antonio Ceballos,Público,Gerónimo del Barco,1289,,Bell Ville,Córdoba,https://goo.gl/maps/7xuQcEYBvxj,,Consumo problemático de drogas/alcohol,Salud Mental,,3539 42 1007,,https://www.facebook.com/hospitalbellvilleoficial/,No supieron confirmarme dias ni horarios,
217,Hospital José Antonio Ceballos,Público,Gerónimo del Barco,1289,,Bell Ville,Córdoba,https://goo.gl/maps/7xuQcEYBvxj,,Psicología / Psiquiatría,Salud Mental,,3540 42 1007,,https://www.facebook.com/hospitalbellvilleoficial/,No supieron confirmarme dias ni horarios,
218,Hospital José Antonio Ceballos,Público,Gerónimo del Barco,1289,,Bell Ville,Córdoba,https://goo.gl/maps/7xuQcEYBvxj,,Fonoaudiología,,,3541 42 1007,,https://www.facebook.com/hospitalbellvilleoficial/,No supieron confirmarme dias ni horarios,
219,Hospital José Antonio Ceballos,Público,Gerónimo del Barco,1289,,Bell Ville,Córdoba,https://goo.gl/maps/7xuQcEYBvxj,,Ginecología,Ginecología,,3542 42 1007,,https://www.facebook.com/hospitalbellvilleoficial/,No supieron confirmarme dias ni horarios,
220,Hospital José Antonio Ceballos,Público,Gerónimo del Barco,1289,,Bell Ville,Córdoba,https://goo.gl/maps/7xuQcEYBvxj,,Salud bucal,,,3543 42 1007,,https://www.facebook.com/hospitalbellvilleoficial/,No supieron confirmarme dias ni horarios,
221,Hospital José Antonio Ceballos,Público,Gerónimo del Barco,1289,,Bell Ville,Córdoba,https://goo.gl/maps/7xuQcEYBvxj,,Servicio Social,,,3544 42 1007,,https://www.facebook.com/hospitalbellvilleoficial/,No supieron confirmarme dias ni horarios,
222,Hospital José Antonio Ceballos,Público,Gerónimo del Barco,1289,,Bell Ville,Córdoba,https://goo.gl/maps/7xuQcEYBvxj,Lic. Flavia Pedano,Testeo VIH y otras ITS,Laboratorio - Cepat,,3545 42 1007,,https://www.facebook.com/hospitalbellvilleoficial/,No supieron confirmarme dias ni horarios,
223,Hospital José Antonio Ceballos,Público,Gerónimo del Barco,1289,,Bell Ville,Córdoba,https://goo.gl/maps/7xuQcEYBvxj,Dr. Darío Quinodoz,Tratamiento VIH,Infectología,,3546 42 1007,,https://www.facebook.com/hospitalbellvilleoficial/,No supieron confirmarme dias ni horarios,
224,Hospital José Antonio Ceballos,Público,Gerónimo del Barco,1289,,Bell Ville,Córdoba,https://goo.gl/maps/7xuQcEYBvxj,,Urología,,,3547 42 1007,,https://www.facebook.com/hospitalbellvilleoficial/,No supieron confirmarme dias ni horarios,
225,Hospital José Antonio Ceballos,Público,Gerónimo del Barco,1289,,Bell Ville,Córdoba,https://goo.gl/maps/7xuQcEYBvxj,,Vacunación,,,3548 42 1007,,https://www.facebook.com/hospitalbellvilleoficial/,No supieron confirmarme dias ni horarios,
82,Centro de Salud 7 de Mayo,Público,Barrio 7 de Mayo Mz 8,,,Formosa,Formosa,https://goo.gl/maps/u3Ss3srRd8q,Patricia Dojas,Salud reproductiva,Obstetricia y Enfermería,"Lunes, miércoles y viernes 14 a 18 hs. Martes y jueves 8 a 12 hs. Enfermería 24 hs.",,,,Provisión de preservativos y anticoncepción oral de emergencia.,
83,Centro de Salud 7 de Mayo,Público,Barrio 7 de Mayo Mz 8,,,Formosa,Formosa,https://goo.gl/maps/u3Ss3srRd8q,Dra. Graciela Viera,Atención médica general,Clínica Médica,Lunes a Viernes 10 a 13 hs.,,graviera65@hotmail.com,,,
84,Centro de Salud 7 de Mayo,Público,Barrio 7 de Mayo Mz 8,,,Formosa,Formosa,https://goo.gl/maps/u3Ss3srRd8q,Dra. Graciela Viera,Tratamiento VIH,Clínica Médica,Lunes a Viernes 10 a 13 hs.,,graviera65@hotmail.com,,"Atención médica, no provisión de medicamentos.",
85,Centro de Salud 7 de Mayo,Público,Barrio 7 de Mayo Mz 8,,,Formosa,Formosa,https://goo.gl/maps/u3Ss3srRd8q,"Eduardo Gaspar, Marina Rodríguez",Salud bucal,Odontología,Lunes a Viernes 8 a 10 hs. (con turno) Lunes a Viernes 13.30 a 15.30 hs.,,,,,
86,Centro de Salud 7 de Mayo,Público,Barrio 7 de Mayo Mz 8,,,Formosa,Formosa,https://goo.gl/maps/u3Ss3srRd8q,,Vacunación,Enfermería,24 hs.,,,,,
172,Fundacion Sayani,Organización Social,Calilegua,960,,San Salvador de Jujuy,Jujuy,https://goo.gl/maps/2PpNBztQKWF2,Dra. Patricia Gallardo,Atención médica general,,Lunes a Miércoles 10 a 18 hs. Jueves y Viernes 10 a 12.30 hs.,0388 4237635,,,Atención a personas con enfermedad hepática y transplante hepático,
353,Sanatorio Regional Luján de Cuyo,Privado,San Martín,928,,Luján de Cuyo,Mendoza,https://goo.gl/maps/kGVEDoQ9X1D2,Andrea Japaze,Testeo VIH y otras ITS,,Miércoles 18 hs.,(0261) 498-0224/ 0434 Whatsapp 2612054526,info@sregional.com.ar,http://www.sregional.com.ar,Se realiza test rápido de VIH.,
354,Sanatorio Regional Luján de Cuyo,Privado,San Martín,928,,Luján de Cuyo,Mendoza,https://goo.gl/maps/kGVEDoQ9X1D2,Andrea Japaze,Tratamiento VIH,,Miércoles 18 hs.,(0261) 498-0224/ 0434 Whatsapp 2612054526,,http://www.sregional.com.ar,,
279,Hospital Paroissien,Público,Godoy Cruz,475,,Maipú,Mendoza,https://goo.gl/maps/av9pywawFMF2,Andrea Japaze,Atención médica general,Infectología,Lunes a Jueves 10 hs,0261 497 2288,hosp-paroissien@mendoza.gov.ar,,,
280,Hospital Paroissien,Público,Godoy Cruz,475,,Maipú,Mendoza,https://goo.gl/maps/av9pywawFMF2,Andrea Japaze,Testeo VIH y otras ITS,Infectología,Lunes a Jueves 10 hs,0261 497 2288,hosp-paroissien@mendoza.gov.ar,,,
281,Hospital Paroissien,Público,Godoy Cruz,475,,Maipú,Mendoza,https://goo.gl/maps/av9pywawFMF2,Andrea Japaze,Tratamiento VIH,Infectología,Lunes a Jueves 10 hs,0261 497 2288,hosp-paroissien@mendoza.gov.ar,,Se realiza test rápido de VIH.,
156,Dirección de Género y Diversidad Provincia de Mendoza,Público,España,16,,Mendoza,Mendoza,https://goo.gl/maps/xtVook3KY562,,Servicio Social,,Lunes a Viernes 8 a 16 hs.,0261 424 2281/ 2281,dmgd@mendoza.gov.ar,,Asistencia social y legal. Ayuda económica a través de programa de abordaje integral. Hay acompañamiento de pares trans.,
333,Laboratorio BioMol,Privado,Santiago Del Estero,25,,Salta,Salta,https://goo.gl/maps/yTvtT9KicQS2,,Testeo VIH y otras ITS,,"Lunes a Viernes, por orden de llegada",0387 422 1988,laboratoriobiomol@hotmail.com,,Se realiza test rápido de VIH.,
295,Hospital Sr. del Milagro,Público,Sarmiento,556,,Salta,Salta,https://goo.gl/maps/wstLP4N3eR22,,Atención médica general,,,0387 431 7400,, , Turnos a partir de las 7hs,
296,Hospital Sr. del Milagro,Público,Sarmiento,556,,Salta,Salta,https://goo.gl/maps/wstLP4N3eR22,,Testeo VIH y otras ITS,Laboratorio Virología,,0387 431 7400,,, Turnos a partir de las 7hs,
297,Hospital Sr. del Milagro,Público,Sarmiento,556,,Salta,Salta,https://goo.gl/maps/wstLP4N3eR22,,Tratamiento VIH,,,0387 431 7400,,, Turnos a partir de las 7hs,
298,Hospital Sr. del Milagro,Público,Sarmiento,556,,Salta,Salta,https://goo.gl/maps/wstLP4N3eR22,,Vacunación,,,0387 431 7400,,, Turnos a partir de las 7hs,
299,Hospital Sr. del Milagro,Público,Sarmiento,556,,Salta,Salta,https://goo.gl/maps/wstLP4N3eR22,,Psicología / Psiquiatría,,,0387 431 7400,,, Turnos a partir de las 7hs,
300,Hospital Sr. del Milagro,Público,Sarmiento,556,,Salta,Salta,https://goo.gl/maps/wstLP4N3eR22,,Grupos de pares,,,0387 431 7400,,, Turnos a partir de las 7hs,
301,Hospital Sr. del Milagro,Público,Sarmiento,556,,Salta,Salta,https://goo.gl/maps/wstLP4N3eR22,,Consumo problemático de drogas/alcohol,,,0387 431 7400,,, Turnos a partir de las 7hs,
302,Hospital Sr. del Milagro,Público,Sarmiento,556,,Salta,Salta,https://goo.gl/maps/wstLP4N3eR22,,Servicio Social,,,0387 431 7400,,, Turnos a partir de las 7hs,
303,Hospital Sr. del Milagro,Público,Sarmiento,556,,Salta,Salta,https://goo.gl/maps/wstLP4N3eR22,,Violencia,,,0387 431 7400,,, Turnos a partir de las 7hs,
206,Hospital Interzonal Gral. José Penna,Público,Av. Lainez,2401,,Bahía Blanca,Buenos Aires,https://goo.gl/maps/r1R2H2bZoyx,,Atención médica general,,Lunes y viernes 8 a 13hs,0291-4593671 Interno (275),clinicamedicahpenna@yahoo.com.ar,http://www.hospitalpenna.com.ar/,,
207,Hospital Interzonal Gral. José Penna,Público,Av. Lainez,2401,,Bahía Blanca,Buenos Aires,https://goo.gl/maps/r1R2H2bZoyx,,Cirugías de afirmación de género,,Lunes y viernes 8 a 13hs,0291 4593600 int 308,direccion-penna@ms.gba.gov.ar / rrhhpenna@ms.gba.gov.ar,http://www.hospitalpenna.com.ar/,Colocación de prótesis mamaria. Hay lista de espera.,
307,Hospital Zonal General de Agudos Dr. Ricardo Gutiérrez,Público,Diagonal 114,,,La Plata,Buenos Aires,https://goo.gl/maps/S4WCr3DDDjo,Dr. Cesar Fidalgo,Cirugías de afirmación de género,,,0221-4830171 al 75 / 0221 4236141 al 43,direccion-gutierrez@ms.gba.gov.ar,,,
208,Hospital Interzonal Gral. José Penna,Público,Av. Lainez,2401,,Bahía Blanca,Buenos Aires,https://goo.gl/maps/r1R2H2bZoyx,,Testeo VIH y otras ITS,,Lunes y viernes 8 a 13hs,0291 4593600,direccion-penna@ms.gba.gov.ar / rrhhpenna@ms.gba.gov.ar,http://www.hospitalpenna.com.ar/,Se realiza test rápido de VIH.,
209,Hospital Interzonal Gral. José Penna,Público,Av. Lainez,2401,,Bahía Blanca,Buenos Aires,https://goo.gl/maps/r1R2H2bZoyx,,Ginecología,,Lunes y viernes 8 a 13hs,(0291) 4593600 (int 299),tocoginecologiapennabb@hotmail.com,http://www.hospitalpenna.com.ar/,,
210,Hospital Interzonal Gral. José Penna,Público,Av. Lainez,2401,,Bahía Blanca,Buenos Aires,https://goo.gl/maps/r1R2H2bZoyx,,Urología,,Lunes y viernes 8 a 13hs,0291 4593600 (int 311),direccion-penna@ms.gba.gov.ar / rrhhpenna@ms.gba.gov.ar,http://www.hospitalpenna.com.ar/,,
211,Hospital Interzonal Gral. José Penna,Público,Av. Lainez,2401,,Bahía Blanca,Buenos Aires,https://goo.gl/maps/r1R2H2bZoyx,,Servicio Social,,Lunes y viernes 8 a 13hs,0291 4593600,direccion-penna@ms.gba.gov.ar / rrhhpenna@ms.gba.gov.ar,http://www.hospitalpenna.com.ar/,,
212,Hospital Interzonal Gral. José Penna,Público,Av. Lainez,2401,,Bahía Blanca,Buenos Aires,https://goo.gl/maps/r1R2H2bZoyx,,Violencia,,Lunes y viernes 8 a 13hs,0291 4593600,direccion-penna@ms.gba.gov.ar / rrhhpenna@ms.gba.gov.ar,http://www.hospitalpenna.com.ar/,,
203,Hospital Infantil Sor María Ludovica,Público,Calle 14,1631,,La Plata,Buenos Aires,https://goo.gl/maps/aFr78rZ6ZyS2,,Atención médica general,Servicio de adolescencia - Consultorio Amigable,,0221 – 4535901 al 10 / 912 / 3,ludovica@ms.gba.gov.ar,,"Atención integral de la salud para niñxs y adolescentes trans. Seguimiento interdisciplinario de pacientes con patologías crónicas. Talleres en salud integral, sexual y reproductiva.",
144,Consultorio Magirena,Privado,Rosario,441,5 B,Caballito,CABA,https://goo.gl/maps/AZNzegakNzK2,Sandra Magirena,Salud reproductiva,,,(011) 4902-2947. Whatsapp (011)15-2328-6690,consultoriomagirena@gmail.com,http://www.sandramagirena.com.ar/,,
145,Consultorio Magirena,Privado,Rosario,441,6 B,Caballito,CABA,https://goo.gl/maps/AZNzegakNzK2,Sandra Magirena,Atención médica general,,,(011) 4902-2947. Whatsapp (011)15-2328-6690,consultoriomagirena@gmail.com,http://www.sandramagirena.com.ar/,,
1,Agencia Territorial Río Gallegos. Ministerio de Producción y Trabajo de la Nación,Público,Urquiza,45,,Río Gallegos,Santa Cruz,https://goo.gl/maps/rwpvM2W8JxM2,,Capacitación laboral,,Lunes a viernes de 9 a 15,(02966) 422210/4799/0082,at-riogallegos@trabajo.gob.ar,,Capacitación laboral y servicio de empleo,
118,CeSAC 13,Público,Directorio,4210,,Parque Avellaneda,CABA,https://goo.gl/maps/842xYr8mGtk,"Mariela Reising, Marisa Godoy",Atención médica general,,,11 2821-36130,,,Controles de salud.,
36,CAPS N° 4 Dr. Luis Agote,Público,Av. San Martín,1655,,General San Martín,Buenos Aires,https://goo.gl/maps/F792gzAwpY92,,Endocrinología / Hormonización,Servicio de Diversidad,Martes 13 a 16 hs.,011 4580 1056/57,,,,
34,CAPS N° 3 Eva Perón,Público,Independencia,876,,General San Martín,Buenos Aires,https://goo.gl/maps/hpjsitfo61t,,Atención médica general,Consultorio de Diversidad,Jueves 13 a 16 hs.,011 4512 6259 / 4830 0711,,,,
35,CAPS N° 3 Eva Perón,Público,Independencia,876,,General San Martín,Buenos Aires,https://goo.gl/maps/hpjsitfo61t,,Endocrinología / Hormonización,Consultorio de Diversidad,Jueves 13 a 16 hs.,011 4512 6259 / 4830 0711,,,,
49,CAPS Nº 11 Santa Ana,Público,3 de Febrero,2590,,General San Martín,Buenos Aires,https://goo.gl/maps/GMzmbsXuPa82,,Atención médica general,Consultorio de Diversidad,Lunes 13 a 16 hs.,011 4512 6228 / 4755 3993 / 4830 6228,,,,
50,CAPS Nº 11 Santa Ana,Público,3 de Febrero,2590,,General San Martín,Buenos Aires,https://goo.gl/maps/GMzmbsXuPa82,,Endocrinología / Hormonización,Consultorio de Diversidad,Lunes 13 a 16 hs.,011 4512 6228 / 4755 3993 / 4830 6228,,,,
41,CAPS N° 6 12 De Octubre,Público,Calle 13,,,Olavarría,Buenos Aires,https://goo.gl/maps/rg6EZw6KuPq,,Endocrinología / Hormonización,Servicio de Diversidad,Lunes a Sábado 7 a 16 hs.,02284 45653,,,,
38,CAPS N° 5 Territorial N° 4,Público,Rufino Fal,4124,,Olavarría,Buenos Aires,https://goo.gl/maps/cEpGe7xmAV52,,Atención médica general,Servicio de Diversidad,Lunes a Sábado 7 a 16 hs.,02284 420646,,,,
39,CAPS N° 5 Territorial N° 4,Público,Rufino Fal,4124,,Olavarría,Buenos Aires,https://goo.gl/maps/cEpGe7xmAV52,,Endocrinología / Hormonización,Servicio de Diversidad,Lunes a Sábado 7 a 16 hs.,02284 420646,,,,
32,CAPS N° 22 Territorial N° 6,Público,Mendoza,,,Olavarría,Buenos Aires,https://goo.gl/maps/G1GV7tRhjdt,,Atención médica general,Servicio de Diversidad,Lunes a Sábado 7 a 16 hs.,02284 451601,,,,
33,CAPS N° 22 Territorial N° 6,Público,Mendoza,,,Olavarría,Buenos Aires,https://goo.gl/maps/G1GV7tRhjdt,,Endocrinología / Hormonización,Servicio de Diversidad,Lunes a Sábado 7 a 16 hs.,02284 451601,,,,
260,Hospital Municipal Dr. Hector M. Cura,Público,Sarmiento,2669,,Olavarría,Buenos Aires,https://goo.gl/maps/ZPrqZq9CUa22,,Atención médica general,Servicio de Diversidad - Consultorio 23,Viernes 8 a 11 hs.,02284 440800 int 2338,,,,
261,Hospital Municipal Dr. Hector M. Cura,Público,Sarmiento,2669,,Olavarría,Buenos Aires,https://goo.gl/maps/ZPrqZq9CUa22,,Endocrinología / Hormonización,Servicio de Diversidad - Consultorio 23,Viernes 8 a 11 hs.,02284 440800 int 2338,,,,
262,Hospital Municipal Dr. Hector M. Cura,Público,Sarmiento,2669,,Olavarría,Buenos Aires,https://goo.gl/maps/ZPrqZq9CUa22,,Testeo VIH y otras ITS,Servicio de Diversidad - Consultorio 23,Viernes 8 a 11 hs.,02284 440800 int 2338,,,,
263,Hospital Municipal Dr. Hector M. Cura,Público,Sarmiento,2669,,Olavarría,Buenos Aires,https://goo.gl/maps/ZPrqZq9CUa22,,Tratamiento VIH,Servicio de Diversidad - Consultorio 23,Viernes 8 a 11 hs.,02284 440800 int 2338,,,,
264,Hospital Municipal Dr. Hector M. Cura,Público,Sarmiento,2669,,Olavarría,Buenos Aires,https://goo.gl/maps/ZPrqZq9CUa22,,Salud reproductiva,Servicio de Diversidad - Consultorio 23,Viernes 8 a 11 hs.,02284 440800 int 2338,,,,
265,Hospital Municipal Dr. Hector M. Cura,Público,Sarmiento,2669,,Olavarría,Buenos Aires,https://goo.gl/maps/ZPrqZq9CUa22,,Servicio Social,Servicio de Diversidad - Consultorio 23,Viernes 8 a 11 hs.,02284 440800 int 2338,,,,
16,CAPS La Esmeralda,Público,Av. Padre Obispo J. Novak,2332,,Florencio Varela,Buenos Aires,https://goo.gl/maps/jg93UewpZcw,,Atención médica general,Diversidad Sexual,Lunes a Viernes 8 a 17 hs.,011 4237 3423,,https://m.facebook.com/caps.laesmeralda?locale2=es_LA,No atienden el telefono,
17,CAPS La Esmeralda,Público,Av. Padre Obispo J. Novak,2332,,Florencio Varela,Buenos Aires,https://goo.gl/maps/jg93UewpZcw,,Psicología / Psiquiatría,Diversidad Sexual,Lunes a Viernes 8 a 17 hs.,011 4237 3423,,https://m.facebook.com/caps.laesmeralda?locale2=es_LA,No atienden el telefono,
18,CAPS La Esmeralda,Público,Av. Padre Obispo J. Novak,2332,,Florencio Varela,Buenos Aires,https://goo.gl/maps/jg93UewpZcw,,Ginecología,Diversidad Sexual,Lunes a Viernes 8 a 17 hs.,011 4237 3423,,https://m.facebook.com/caps.laesmeralda?locale2=es_LA,No atienden el telefono,
19,CAPS La Esmeralda,Público,Av. Padre Obispo J. Novak,2332,,Florencio Varela,Buenos Aires,https://goo.gl/maps/jg93UewpZcw,,Servicio Social,Diversidad Sexual,Lunes a Viernes 8 a 17 hs.,011 4237 3423,,https://m.facebook.com/caps.laesmeralda?locale2=es_LA,No atienden el telefono,
62,CAPS Villa Hudson,Público,Iberia,359,,Florencio Varela,Buenos Aires,https://goo.gl/maps/Mi4vsVe69WB2,,Atención médica general,Diversidad Sexual,Lunes a Viernes 8 a 17 hs.,011 4213 9318,,,,
63,CAPS Villa Hudson,Público,Iberia,359,,Florencio Varela,Buenos Aires,https://goo.gl/maps/Mi4vsVe69WB2,,Psicología / Psiquiatría,Diversidad Sexual,Lunes a Viernes 8 a 17 hs.,011 4213 9318,,,,
64,CAPS Villa Hudson,Público,Iberia,359,,Florencio Varela,Buenos Aires,https://goo.gl/maps/Mi4vsVe69WB2,,Ginecología,Diversidad Sexual,Lunes a Viernes 8 a 17 hs.,011 4213 9318,,,,
308,Hospital Zonal General de Agudos Dr. Ricardo Gutiérrez,Público,Diagonal 114,,,La Plata,Buenos Aires,https://goo.gl/maps/S4WCr3DDDjo,Dra. Claudia Capandegui,Endocrinología / Hormonización,,,0221-4830171 al 75 / 0221 4236141 al 43,direccion-gutierrez@ms.gba.gov.ar,,,
401,"Unidad Sanitaria N° 3 ""LOMAS DE MARILÓ""",Público,Rosario,,,Trujui,Buenos Aires,https://goo.gl/maps/M6b14SV9UMoYDYMd6,,Endocrinología / Hormonización,,Lunes y Miércoles de 13:00:00 - 16:00:00,(0237) 4815607,,,,
309,Hospital Zonal General de Agudos Dr. Ricardo Gutiérrez,Público,Diagonal 114,,,La Plata,Buenos Aires,https://goo.gl/maps/S4WCr3DDDjo,,Testeo VIH y otras ITS,,,0221-4830171 al 75 / 0221 4236141 al 43,direccion-gutierrez@ms.gba.gov.ar,,,
310,Hospital Zonal General de Agudos Dr. Ricardo Gutiérrez,Público,Diagonal 114,,,La Plata,Buenos Aires,https://goo.gl/maps/S4WCr3DDDjo,,Ginecología,,,0221-4830171 al 75 / 0221 4236141 al 43,direccion-gutierrez@ms.gba.gov.ar,,Realización de PAP,
311,Hospital Zonal General de Agudos Dr. Ricardo Gutiérrez,Público,Diagonal 114,,,La Plata,Buenos Aires,https://goo.gl/maps/S4WCr3DDDjo,,Vacunación,,,0221-4830171 al 75 / 0221 4236141 al 43,direccion-gutierrez@ms.gba.gov.ar,,,
312,Hospital Zonal General de Agudos Dr. Ricardo Gutiérrez,Público,Diagonal 114,,,La Plata,Buenos Aires,https://goo.gl/maps/S4WCr3DDDjo,,Salud reproductiva,,,0221-4830171 al 75 / 0221 4236141 al 43,direccion-gutierrez@ms.gba.gov.ar,,,
313,Hospital Zonal General de Agudos Dr. Ricardo Gutiérrez,Público,Diagonal 114,,,La Plata,Buenos Aires,https://goo.gl/maps/S4WCr3DDDjo,,Servicio Social,,,0221-4830171 al 75 / 0221 4236141 al 43,direccion-gutierrez@ms.gba.gov.ar,,,
314,Hospital Zonal General de Agudos Dr. Ricardo Gutiérrez,Público,Diagonal 114,,,La Plata,Buenos Aires,https://goo.gl/maps/S4WCr3DDDjo,,Violencia,,,0221-4830171 al 75 / 0221 4236141 al 43,direccion-gutierrez@ms.gba.gov.ar,,,
315,Hospital Zonal General de Agudos Dr. Ricardo Gutiérrez,Público,Diagonal 114,,,La Plata,Buenos Aires,https://goo.gl/maps/S4WCr3DDDjo,,Tratamiento VIH,,,0221-4830171 al 75 / 0221 4236141 al 43,direccion-gutierrez@ms.gba.gov.ar,,,
316,Hospital Zonal General de Agudos Dr. Ricardo Gutiérrez,Público,Diagonal 114,,,La Plata,Buenos Aires,https://goo.gl/maps/S4WCr3DDDjo,María Virginia Zangroniz,Fonoaudiología,,,0221-4830171 al 75 / 0221 4236141 al 43,direccion-gutierrez@ms.gba.gov.ar,,,
317,Hospital Zonal General de Agudos Dr. Ricardo Gutiérrez,Público,Diagonal 114,,,La Plata,Buenos Aires,https://goo.gl/maps/S4WCr3DDDjo,Andrea Pineda Aristegui,Psicología / Psiquiatría,,,0221-4830171 al 75 / 0221 4236141 al 43,direccion-gutierrez@ms.gba.gov.ar,,,
318,Hospital Zonal General de Agudos Dr. Ricardo Gutiérrez,Público,Diagonal 114,,,La Plata,Buenos Aires,https://goo.gl/maps/S4WCr3DDDjo,,Consumo problemático de drogas/alcohol,,,0221-4830171 al 75 / 0221 4236141 al 43,direccion-gutierrez@ms.gba.gov.ar,,,
319,Hospital Zonal General de Agudos Dr. Ricardo Gutiérrez,Público,Diagonal 114,,,La Plata,Buenos Aires,https://goo.gl/maps/S4WCr3DDDjo,,Urología,,,0221-4830171 al 75 / 0221 4236141 al 43,direccion-gutierrez@ms.gba.gov.ar,,,
108,Centro de Salud Villa Vatteone,Público,Av. 12 de Octubre,363,,Florencio Varela,Buenos Aires,https://goo.gl/maps/vxULcaDNJHv,,Testeo VIH y otras ITS,,Lunes a viernes 8 a 14 hs,011 4287 3160,,,Se realiza test rápido de VIH.,
87,Centro de Salud Especializado Nº 13,Público,Calle 41,772 1/2,,La Plata,Buenos Aires,https://goo.gl/maps/HSrnZwRwwRT2,,Testeo VIH y otras ITS,,martes a viernes 13 a 18,0221 427 2867,,,,
88,Centro de Salud Especializado Nº 13,Público,Calle 41,772 1/2,,La Plata,Buenos Aires,https://goo.gl/maps/HSrnZwRwwRT2,,Tratamiento VIH,,martes y jueves 10:30 ,0221 427 2867,,,Con turno previo se saca en el lugar de 13 a 18 o por telefono,
89,Centro de Salud Especializado Nº 13,Público,Calle 41,772 1/2,,La Plata,Buenos Aires,https://goo.gl/maps/HSrnZwRwwRT2,,Psicología / Psiquiatría,,turno programado con la psicologa,0221 427 2867,,,,
90,Centro de Salud Especializado Nº 13,Público,Calle 41,772 1/2,,La Plata,Buenos Aires,https://goo.gl/maps/HSrnZwRwwRT2,,Atención médica general,,Lunes a viernes 9 a 16hs,0221 427 2867,,,,
91,Centro de Salud Especializado Nº 13,Público,Calle 41,772 1/2,,La Plata,Buenos Aires,https://goo.gl/maps/HSrnZwRwwRT2,,Servicio Social,,lunes a viernes 13 a 16.30,0221 427 2867,,,,
92,Centro de Salud Especializado Nº 13,Público,Calle 41,772 1/2,,La Plata,Buenos Aires,https://goo.gl/maps/HSrnZwRwwRT2,,Salud reproductiva,,Lunes a viernes 8.30 a 18hs  ,0221 427 2867,,,con pedido d la ginecologa,
266,Hospital Municipal Ostaciana de Lavignole,Público,Dr. Rodolfo Monte,848,,Morón,Buenos Aires,https://goo.gl/maps/AH6Apg2h9UH2,Dr. Alfredo Britos,Cirugías de afirmación de género,Servicio Patología mamaria. Consultorio amigable,,011 4133 4100 ,,,Colocación de prótesis mamaria y Mastectomía.,
329,La Nelly Omar,Organización Social,Saraza,1069,,Parque Chacabuco,CABA,"https://www.google.com/maps/place/Saraza+1069,+C1424CWM+CABA/data=!4m2!3m1!1s0x95bccbb172887425:0x96131add988968e?sa=X&ved=2ahUKEwiekt_NqdjvAhVpJ7kGHfIAC8kQ8gEwAHoECAMQAQ",Janette Ledesma,Servicio Social,,,,,https://www.instagram.com/lanellyomar/?hl=es,,
51,CAPS Nº 12 Don Orione,Público,Carcaraña (ex calle 11),,,Almirante Brown,Buenos Aires,"https://www.google.com/maps/place/Sala+de+atenci%C3%B3n+primaria+CAPS+N%C2%B012/@-34.8184487,-58.3469583,15z/data=!4m5!3m4!1s0x0:0xb5edd846b6ea5abe!8m2!3d-34.8184487!4d-58.3469583",,Endocrinología / Hormonización,Consultorio Diversidad,Lunes a Viernes 8 a 18 hs. Sábados 8 a 14 hs.,011 4268-4911,caps12donorione@gmail.com,,,
52,CAPS Nº 12 Don Orione,Público,Carcaraña,,,Almirante Brown,Buenos Aires,"https://www.google.com/maps/place/Sala+de+atenci%C3%B3n+primaria+CAPS+N%C2%B012/@-34.8184487,-58.3469583,15z/data=!4m5!3m4!1s0x0:0xb5edd846b6ea5abe!8m2!3d-34.8184487!4d-58.3469583",,Testeo VIH y otras ITS,Consultorio Diversidad,Lunes a Viernes 8 a 18 hs. Sábados 8 a 14 hs.,011 4268-4911,caps12donorione@gmail.com,,Realización de test rápido de VIH.,
53,CAPS Nº 12 Don Orione,Público,Carcaraña,,,Almirante Brown,Buenos Aires,"https://www.google.com/maps/place/Sala+de+atenci%C3%B3n+primaria+CAPS+N%C2%B012/@-34.8184487,-58.3469583,15z/data=!4m5!3m4!1s0x0:0xb5edd846b6ea5abe!8m2!3d-34.8184487!4d-58.3469583",,Ginecología,Consultorio Diversidad,Lunes a Viernes 8 a 18 hs. Sábados 8 a 14 hs.,011 4268-4911,caps12donorione@gmail.com,,Realización de PAP,
54,CAPS Nº 12 Don Orione,Público,Carcaraña,,,Almirante Brown,Buenos Aires,"https://www.google.com/maps/place/Sala+de+atenci%C3%B3n+primaria+CAPS+N%C2%B012/@-34.8184487,-58.3469583,15z/data=!4m5!3m4!1s0x0:0xb5edd846b6ea5abe!8m2!3d-34.8184487!4d-58.3469583",,Vacunación,Consultorio Diversidad,Lunes a Viernes 8 a 18 hs. Sábados 8 a 14 hs.,011 4268-4911,caps12donorione@gmail.com,,,
55,CAPS Nº 12 Don Orione,Público,Carcaraña,,,Almirante Brown,Buenos Aires,"https://www.google.com/maps/place/Sala+de+atenci%C3%B3n+primaria+CAPS+N%C2%B012/@-34.8184487,-58.3469583,15z/data=!4m5!3m4!1s0x0:0xb5edd846b6ea5abe!8m2!3d-34.8184487!4d-58.3469583",,Salud reproductiva,Consultorio Diversidad,Lunes a Viernes 8 a 18 hs. Sábados 8 a 14 hs.,011 4268-4911,caps12donorione@gmail.com,,,
56,CAPS Nº 12 Don Orione,Público,Carcaraña,,,Almirante Brown,Buenos Aires,"https://www.google.com/maps/place/Sala+de+atenci%C3%B3n+primaria+CAPS+N%C2%B012/@-34.8184487,-58.3469583,15z/data=!4m5!3m4!1s0x0:0xb5edd846b6ea5abe!8m2!3d-34.8184487!4d-58.3469583",,Servicio Social,Consultorio Diversidad,Lunes a Viernes 8 a 18 hs. Sábados 8 a 14 hs.,011 4268-4911,caps12donorione@gmail.com,,,
57,CAPS Nº 12 Don Orione,Público,Carcaraña,,,Almirante Brown,Buenos Aires,"https://www.google.com/maps/place/Sala+de+atenci%C3%B3n+primaria+CAPS+N%C2%B012/@-34.8184487,-58.3469583,15z/data=!4m5!3m4!1s0x0:0xb5edd846b6ea5abe!8m2!3d-34.8184487!4d-58.3469583",,Psicología / Psiquiatría,Consultorio Diversidad,Lunes a Viernes 8 a 18 hs. Sábados 8 a 14 hs.,011 4268-4911,caps12donorione@gmail.com,,,
58,CAPS Nº1 Ministro Rivadavia,Público,25 de Mayo,594,,Almirante Brown,Buenos Aires,https://goo.gl/maps/7FTFPknv8hM2,,Atención médica general,Servicio Diversidad,lunes y viernes por las tarde miercoles por la mañana.,011  7516-6551,mtrorivadavia@gmail.com,,Turnos se solicitan en el lugar el dia anterios a las 15 hs,
59,CAPS Nº1 Ministro Rivadavia,Público,25 de Mayo,594,,Almirante Brown,Buenos Aires,https://goo.gl/maps/7FTFPknv8hM2,,Endocrinología / Hormonización,Servicio Diversidad,martes por la tarde,011  7516-6551,mtrorivadavia@gmail.com,,Los turnos los da la referente de diversidad Alexandra 1140297621,
60,CAPS Nº1 Ministro Rivadavia,Público,25 de Mayo,594,,Almirante Brown,Buenos Aires,https://goo.gl/maps/7FTFPknv8hM2,,Ginecología,Servicio Diversidad,metodos anticinseptivos lunes por la mañana a partir de las 9 . ILE miercoles por la mañana ,011  7516-6551,mtrorivadavia@gmail.com,,Para ILE sacar turno programado,
61,CAPS Nº1 Ministro Rivadavia,Público,25 de Mayo,594,,Almirante Brown,Buenos Aires,https://goo.gl/maps/7FTFPknv8hM2,,Salud bucal,Servicio Diversidad,"martes, miercoles y jueves ",011  7516-6551,mtrorivadavia@gmail.com,,Turnos se solicitan en el lugar el dia anterios a las 15 hs,
348,Queer Fit Parque Saavedra,Organización Social,Parque Saavedra,,,Saavedra,CABA,https://goo.gl/maps/4PpDAtNbUkE2,Luca Bambam,Deportes,,Lunes y Miércoles desde 20 hs.,1164439449,queerfitcontacto@gmail.com,https://www.facebook.com/QueerFitEmpoderateDeTuCuerpx/,"Queerfut, queerbox y queerbeat. Contactarse para consultar días y horarios de cada actividad y coordinar el inicio. Clase de prueba gratis.",
347,Queer Fit Parque Centenario,Organización Social,Parque Centenario,,,Caballito,CABA,https://goo.gl/maps/Ya6GAiPaFQm,Luca Bambam,Deportes,,Martes y Jueves desde 20 hs. Viernes desde 18 hs.,1164439449,queerfitcontacto@gmail.com,https://www.facebook.com/QueerFitEmpoderateDeTuCuerpx/,"Queerfut, queerbox y queerbeat. Contactarse para consultar días y horarios de cada actividad y coordinar el inicio. Clase de prueba gratis.",
146,Consultorio particular Flores,Privado,Ramón Falcón,2181,Piso 2,Flores,CABA,https://goo.gl/maps/WL5rrFP3wXE2,Andrea Donati,Salud reproductiva,,Lunes 9 a 12 hs. Primer y tercer miércoles de cada mes 16 a 19 hs.,011 4633 7330,consulfalcon@hotmail.com,,Asesoramiento sobre anticoncepción y colocación de DIU.,
147,Consultorio particular Flores,Privado,Ramón Falcón,2181,Piso 2,Flores,CABA,https://goo.gl/maps/WL5rrFP3wXE2,Andrea Donati,Ginecología,,Lunes 9 a 12 hs. Primer y tercer miércoles de cada mes 16 a 19 hs.,011 4633 7330,consulfalcon@hotmail.com,,,
111,Centro Médico Olivera,Privado,Av. Olivera,337,,Floresta ,CABA,https://goo.gl/maps/MQDYthofH8v,Andrea Donati,Ginecología,,Lunes 14 a 18 hs. Viernes 8 a 12 hs. Sábado 8 a 13 hs.,011 2152-0000,,http://www.cmolivera.com,,
112,Centro Médico Olivera,Privado,Av. Olivera,337,,Floresta ,CABA,https://goo.gl/maps/MQDYthofH8v,Andrea Donati,Salud reproductiva,,Lunes 14 a 18 hs. Viernes 8 a 12 hs. Sábado 8 a 13 hs.,011 2152-0000,,http://www.cmolivera.com,Asesoramiento sobre anticoncepción.,
148,Consultorio particular La Plata,Privado,Calle 50,439,,La Plata,Buenos Aires,https://goo.gl/maps/5dd4uauRoXz,María Virginia Zangroniz,Fonoaudiología,,,221 15 5250528,virginiazangroniz@hotmail.com,,,
122,CIC Osvaldo Pagella,Público,Alvear,,,Junín,Buenos Aires,https://goo.gl/maps/iv1sTkGK5dH2,,Testeo VIH y otras ITS,Espacio amigable,Miércoles 18 hs.,0236 444-8297,,,,
123,CIC Osvaldo Pagella,Público,Alvear,,,Junín,Buenos Aires,https://goo.gl/maps/iv1sTkGK5dH2,,Vacunación,Espacio amigable,Miércoles 18 hs.,0236 444-8297,,,,
124,CIC Osvaldo Pagella,Público,Alvear,,,Junín,Buenos Aires,https://goo.gl/maps/iv1sTkGK5dH2,,Endocrinología / Hormonización,Espacio amigable,Miércoles 18 hs.,0236 444-8297,,,,
125,CIC Osvaldo Pagella,Público,Alvear,,,Junín,Buenos Aires,https://goo.gl/maps/iv1sTkGK5dH2,,Psicología / Psiquiatría,Espacio amigable,Miércoles 18 hs.,0236 444-8297,,,,
126,CIC Osvaldo Pagella,Público,Alvear,,,Junín,Buenos Aires,https://goo.gl/maps/iv1sTkGK5dH2,,Servicio Social,Espacio amigable,Miércoles 18 hs.,0236 444-8297,,,,
351,Sala Atención Primaria Nº 4,Público,Pablo Sbardolini,1175,,Olavarría,Buenos Aires,https://goo.gl/maps/X2t2281DV4N2,,Atención médica general,Servicio de Diversidad,Lunes a Jueves 8 a 17 hs.,02284 422229,,,,
352,Sala Atención Primaria Nº 4,Público,Pablo Sbardolini,1175,,Olavarría,Buenos Aires,https://goo.gl/maps/X2t2281DV4N2,,Endocrinología / Hormonización,Servicio de Diversidad,Lunes a Jueves 8 a 17 hs.,02284 422229,,,,
282,Hospital Pedro de Elizalde,Público,Av. Montes de Oca,40,,Barracas,CABA,https://goo.gl/maps/6AUA2zsbn652,"Dra. Mercedes Fidalgo, Dra. Gabriela Hrycszyn",Salud reproductiva,Servicio de adolescencia,Lunes de 8 a 12 hs.,011 4363 2100 / 2200 int 6158,,,,
283,Hospital Pedro de Elizalde,Público,Av. Montes de Oca,40,,Barracas,CABA,https://goo.gl/maps/6AUA2zsbn652,Dr. Carlos A. Sanz,Atención médica general,Servicio de adolescencia,Martes de 12 a 16 hs.,011 4363 2100 / 2200 int 6158,,,,
28,CAPS Malvinas Argentinas,Público,Cacique Namuncurá,406,,Morón,Buenos Aires,https://goo.gl/maps/bAV4Q6pbGjk,"Ana Paula Fagioli, Ricardo Williams, María Fernandez Lorea, Constanza Recoder, Cristal Sabella",Servicio Social,Consultorio de Diversidad Sexual,Miércoles 9 a 17 hs.,011 4656 9488,,,"Equipo intedisciplinario con promotora trans. Acompañamiento para cambio de DNI, asignaciones, espacios productivos, etc.",
284,Hospital Pedro de Elizalde,Público,Av. Montes de Oca,40,,Barracas,CABA,https://goo.gl/maps/6AUA2zsbn652,"Lic. Analía Biagioli, Lic. Andrea Cucagna",Psicología / Psiquiatría,Servicio de adolescencia - Salud mental,Jueves de 8 a 12 hs.,011 4363 2100 / 2200 int 6158,,,,
285,Hospital Pedro de Elizalde,Público,Av. Montes de Oca,40,,Barracas,CABA,https://goo.gl/maps/6AUA2zsbn652,"Dra. Mercedes Fidalgo, Dra. Gabriela Hrycszyn",Ginecología,Servicio de adolescencia,Lunes de 8 a 12 hs.,011 4363 2100 / 2200 int 6158,,,,
286,Hospital Pedro de Elizalde,Público,Av. Montes de Oca,40,,Barracas,CABA,https://goo.gl/maps/6AUA2zsbn652,Dra. Verónica Figueroa,Endocrinología / Hormonización,Endocrinología,Martes de 8 a 12 hs.,011 4363 2100 / 2200,,,,
287,Hospital Pedro de Elizalde,Público,Av. Montes de Oca,40,,Barracas,CABA,https://goo.gl/maps/6AUA2zsbn652,"Lic. Emilia Martínez, Lic. Silvina Fernández Montobbio",Servicio Social,Servicio Social,Martes de 8 a 12 hs.,011 4363 2100 / 2200,,,,
288,Hospital Pedro de Elizalde,Público,Av. Montes de Oca,40,,Barracas,CABA,https://goo.gl/maps/6AUA2zsbn652,Dra. Graciela Barboni,Testeo VIH y otras ITS,Inmunología,Lunes de 8 a 12 hs.,011 4363 2100 / 2200,,,,
289,Hospital Pedro de Elizalde,Público,Av. Montes de Oca,40,,Barracas,CABA,https://goo.gl/maps/6AUA2zsbn652,Dra. Graciela Barboni,Tratamiento VIH,Inmunología,Lunes de 8 a 12 hs.,011 4363 2100 / 2200,,,,
290,Hospital Pedro de Elizalde,Público,Av. Montes de Oca,40,,Barracas,CABA,https://goo.gl/maps/6AUA2zsbn652,Dra. Claudia Ferrario,Vacunación,Vacunas,Lunes a Viernes de 8 a 12 hs.,011 4363 2100 / 2200,,,,
291,Hospital Pedro de Elizalde,Público,Av. Montes de Oca,40,,Barracas,CABA,https://goo.gl/maps/6AUA2zsbn652,Dr. Javier Indart,Violencia,Violencia,Viernes de 8 a 12 hs.,011 4363 2100 / 2200,,,,
292,Hospital Pedro de Elizalde,Público,Av. Montes de Oca,40,,Barracas,CABA,https://goo.gl/maps/6AUA2zsbn652,"Lic. Claudia Cavillon, Lic. M. Marta Abdo Pérez",Fonoaudiología,Fonoaudiología,Martes de 12 a 16 hs.,011 4363 2100 / 2200,,,,
158,Espacio Feminista de Mujeres y Disidencias FPDS,Organización Social,Olavarría,398,,La Boca,CABA,"https://www.google.com/maps/place/Olavarr%C3%ADa+398,+C1162+CABA/@-34.6361155,-58.3605419,17z/data=!3m1!4b1!4m5!3m4!1s0x95a334ba2c33ef23:0x74869eea9a29b910!8m2!3d-34.6361155!4d-58.3583532",Mariela Velardez,Grupos de pares,,,1161601182,proyectos.dsantillan@gmail.com,https://www.facebook.com/espaciodemujeres.delfrentepopulardariosantillan/?ref=page_internal    https://www.instagram.com/frentedariosantillan/?hl=es ,olivoeterno@gmail.com,
322,Hotel Gondolin,Privado,Araoz,924,,Villa Crespo,CABA,https://goo.gl/maps/pVrumWjYykGjJMLt6,Zoe Lopez Garcia,Grupos de pares,,,,,,,
346,Putos Peronistas,Organización Social,Arzobispo Espinosa,1172-1144,,La Matanza,Buenos Aires,"https://www.google.com/maps/place/48Q39J8J%2BJ5/@-34.6334375,-58.3695625,17z/data=!3m1!4b1!4m5!3m4!1s0x0:0x0!8m2!3d-34.6334375!4d-58.3695625",Iara Ybarra,Grupos de pares,,,1153442330,putosperonistas@gmail.com,,,
136,Ciclo Positivo,Organización Social,Paraná,157,,San Nicolás,CABA,https://goo.gl/maps/PPSTm1KDRbNopZ6k6,Camila Capriglioni,Testeo VIH y otras ITS,,,1149797754,info.ciclopositivo@gmail.com,https://ciclopositivo.org,,
142,Consultorio inclusivo Claudia Pia Baudracco,Público,Colectora Este Ramal Escobar,659,,Ricardo Rojas,Buenos Aires,"https://www.google.com/maps/place/Colectora+Este+Ramal+Escobar+677,+Ricardo+Rojas,+Provincia+de+Buenos+Aires/data=!4m2!3m1!1s0x95bca3a9f898500d:0xce432bc22e30c1ea?sa=X&ved=2ahUKEwi8_NXkwKDtAhUcH7kGHcWtDHIQ8gEwAHoECAMQAQ",Araceli Mera,Atención médica general,,JUEVES 14:00:00 - 18:00:00,1156570295,consultorioinclusivo@escobar.gob.ar,,,
143,Consultorio inclusivo Claudia Pia Baudracco,Público,Colectora Este Ramal Escobar,659,,Ricardo Rojas,Buenos Aires,"https://www.google.com/maps/place/Colectora+Este+Ramal+Escobar+677,+Ricardo+Rojas,+Provincia+de+Buenos+Aires/data=!4m2!3m1!1s0x95bca3a9f898500d:0xce432bc22e30c1ea?sa=X&ved=2ahUKEwi8_NXkwKDtAhUcH7kGHcWtDHIQ8gEwAHoECAMQAQ",Araceli Mera,Servicio Social,,JUEVES 14:00:00 - 18:00:00,1156570295,consultorioinclusivo@escobar.gob.ar,,,
177,Hospital de Clínicas,Público,Av Cordoba,2351,,Recoleta,CABA,"https://www.google.com/maps/place/Hospital+de+Cl%C3%ADnicas+Jos%C3%A9+de+San+Mart%C3%ADn/@-34.5991192,-58.4000823,18z/data=!4m5!3m4!1s0x0:0x6d168bee0e66f0b5!8m2!3d-34.5989536!4d-58.3999222",Dr. Santiago Chavanne,Cirugías de afirmación de género,,Martes y Viernes a partir de las 8 hs,,,,,
277,Hospital Muñiz,Público,Uspallata,2272,,Parque Patricios,CABA,"https://www.google.com/maps/place/48Q39J64%2BP9/@-34.6381875,-58.3940625,17z/data=!3m1!4b1!4m5!3m4!1s0x0:0x0!8m2!3d-34.6381875!4d-58.3940625",Dr. Guillermo Abriata,Cirugías de afirmación de género,,Lunes y miércoles de 9 a 11 hs,011 4360 5700 int 5222,munizinforma@buenosaires.gob.ar,,,
66,Casa Roja,Organización Social,filiberto ,1745,,Constitución,CABA,"https://www.google.com.ar/maps/place/Filiberto+1745,+C1134+CABA/@-34.6268897,-58.3923594,17z/data=!3m1!4b1!4m5!3m4!1s0x95bccb23988ec717:0x44894cd2a5ecac59!8m2!3d-34.6268941!4d-58.3901707",Valeria Ramirez,Salud reproductiva,,Cuando realizan campañas,1128621015,,,Grupos de pares; Asesoramiento sobre hormonización para personas trans; los preservativos se entregan cuando se realizan campañas de testeos de VIH,
2,AMMAR,Organización Social,Piedras,1065,,San Telmo,CABA,https://goo.gl/maps/NSaAS9tvKDYL8mLX6,Georgina Orellano,Salud reproductiva,,,3415859022,monitoreo@ammar.org.ar,,Grupos de pares; Asesoramiento Legal.-,
12,"CAFYS ""RICARDO ROJAS""",Público,Ricchieri,2838,,Ricardo Rojas,Buenos Aires,"https://www.google.com/search?newwindow=1&client=safari&rls=en&tbs=lf:1,lf_ui:1&tbm=lcl&sxsrf=ALeKk00NyK7ERz2IzuT_G93l14bFwxAu-w:1606404668416&q=Ricchieri+2838+(esq.+Rufino+de+Elizalde)&rflfq=1&num=10&ved=2ahUKEwjn_4Ddw6DtAhUXHbkGHYmBDOgQtgN6BAgNEAc#rlfi=hd:;si:,-34.54769263636213,-58.44926233933106;mv:[[-34.5472158,-58.3994231],[-34.582449200000006,-58.4518947]]",,Salud reproductiva,Centro de Salud,Lunes a viernes 8 a 11,(011) 4512-9988,capsicardoroja@tigre.gob.ar,,,
321,"HOSPITAL ZONAL GRAL. DE AGUDOS ""MAGDALENA VILLEGAS DE MARTÍNEZ""",Público,Ruta 9 – Constituyentes,395,,General Pacheco,Buenos Aires,"https://www.google.com/maps/search/G9V6%2B5M+Gral.+Pacheco,+Provincia+de+Buenos+Aires?sa=X&ved=2ahUKEwjKhMyKxaDtAhXrHLkGHbsmAPQQ8gEwAHoECAMQAQ",,Cirugías de afirmación de género,Ventanilla 1,Viernes 12:00:00 - 15:00:00,4736 0211 int 362 o 363,,,Atención con turnos programados.-,
293,Hospital Posadas,Público,Av Marconi  ,386,,El Palomar,Buenos Aires,"https://www.google.com/maps/place/48Q39C9F%2BVV/@-34.6303103,-58.5754832,17.82z/data=!4m5!3m4!1s0x0:0x0!8m2!3d-34.6303125!4d-58.5753125",,Endocrinología / Hormonización,,,011 2767 8072,saludsexual@hospitalposadas.gob.ar,,,
44,CAPS n°35,Público,Calle 203,,,Sourigues,Buenos Aires,"https://www.google.com/maps/place/Calle+203+%26+Calle+254,+Sourigues,+Provincia+de+Buenos+Aires/data=!4m2!3m1!1s0x95a328e3ac2e8be5:0x5af31fac33557029?sa=X&ved=2ahUKEwimgs7h4KLtAhV_GbkGHc1iCvMQ8gEwAHoECAMQAQ",,Salud reproductiva,,lunes a viernes 8 a 14.30,(011) 4356-9200 int. 2035,caps35berazategui@gmail.com,,El turno se saca presencialmente en el caps,
45,CAPS n°35,Público,Calle 203,,,Sourigues,Buenos Aires,"https://www.google.com/maps/place/Calle+203+%26+Calle+254,+Sourigues,+Provincia+de+Buenos+Aires/data=!4m2!3m1!1s0x95a328e3ac2e8be5:0x5af31fac33557029?sa=X&ved=2ahUKEwimgs7h4KLtAhV_GbkGHc1iCvMQ8gEwAHoECAMQAQ",,Ginecología,,"miercoles 11.30, la dra da el turno para el pap",(011) 4356-9200 int. 2035,caps35berazategui@gmail.com,,El turno se saca presencialmente en el caps,
46,CAPS n°35,Público,Calle 203,,,Sourigues,Buenos Aires,"https://www.google.com/maps/place/Calle+203+%26+Calle+254,+Sourigues,+Provincia+de+Buenos+Aires/data=!4m2!3m1!1s0x95a328e3ac2e8be5:0x5af31fac33557029?sa=X&ved=2ahUKEwimgs7h4KLtAhV_GbkGHc1iCvMQ8gEwAHoECAMQAQ",,Endocrinología / Hormonización,,NO,(011) 4356-9200 int. 2035,,,,
47,CAPS n°35,Público,Calle 203,,,Sourigues,Buenos Aires,"https://www.google.com/maps/place/Calle+203+%26+Calle+254,+Sourigues,+Provincia+de+Buenos+Aires/data=!4m2!3m1!1s0x95a328e3ac2e8be5:0x5af31fac33557029?sa=X&ved=2ahUKEwimgs7h4KLtAhV_GbkGHc1iCvMQ8gEwAHoECAMQAQ",,Testeo VIH y otras ITS,,NO,(011) 4356-9200 int. 2035,,,,
48,CAPS n°35,Público,Calle 203,,,Sourigues,Buenos Aires,"https://www.google.com/maps/place/Calle+203+%26+Calle+254,+Sourigues,+Provincia+de+Buenos+Aires/data=!4m2!3m1!1s0x95a328e3ac2e8be5:0x5af31fac33557029?sa=X&ved=2ahUKEwimgs7h4KLtAhV_GbkGHc1iCvMQ8gEwAHoECAMQAQ",,Tratamiento VIH,,NO,(011) 4356-9200 int. 2035,,,,
42,CAPS n°1 Ministro Rivadavia,Público,25 de Mayo,418-598,,Ministro Rivadavia,Buenos Aires,"https://www.google.com/maps/place/48Q35J5J%2BC6/@-34.8414375,-58.3694375,17z/data=!3m1!4b1!4m5!3m4!1s0x0:0x0!8m2!3d-34.8414375!4d-58.3694375",,Ginecología,,Martes 12:45,(011) 4279-2242,,,Tampoco contestan al 2215524597,
43,CAPS n°1 Ministro Rivadavia,Público,25 de Mayo,418-598,,Ministro Rivadavia,Buenos Aires,"https://www.google.com/maps/place/48Q35J5J%2BC6/@-34.8414375,-58.3694375,17z/data=!3m1!4b1!4m5!3m4!1s0x0:0x0!8m2!3d-34.8414375!4d-58.3694375",,Endocrinología / Hormonización,,Martes 12:45,(011) 4279-2242,,,Tampoco contestan al 2215524597,
201,Hospital General de Agudos Dr Juan A. Fernández,Público,Av. Cerviño,3356,,Palermo,CABA,https://goo.gl/maps/6FLVSDDTZTo,,Tratamiento VIH,Infectología,Lunes a viernes 9 a 12 hs.,011 4808 2600 int. 1039,,,,
202,Hospital General de Agudos Dr Juan A. Fernández,Público,Av. Cerviño,3356,,Palermo,CABA,https://goo.gl/maps/6FLVSDDTZTo,,Testeo VIH y otras ITS,Infectología,Lunes a viernes 9 a 12 hs.,011 4808 2600 int. 1039,,,"Solicitar orden médica, la extracción se realiza en el momento.",
77,"Centro de Salud ""SAN ROQUE""",Público,Pavón,,,José C. Paz,Buenos Aires,https://goo.gl/maps/cBY9F3F3Hhty8tsi8,,Salud reproductiva,,"Martes, Miércoles y Viernes de 08:00:00 - 13:00:00",,,,,
78,"Centro de Salud ""SAN ROQUE""",Público,Pavón,,,José C. Paz,Buenos Aires,https://goo.gl/maps/cBY9F3F3Hhty8tsi8,,Atención médica general,,"Martes, Miércoles y Viernes de 08:00:00 - 13:00:00",,,,,
79,"Centro de Salud ""SAN ROQUE""",Público,Pavón,,,José C. Paz,Buenos Aires,https://goo.gl/maps/cBY9F3F3Hhty8tsi8,,Endocrinología / Hormonización,,"Martes, Miércoles y Viernes de 08:00:00 - 13:00:00",,,,,
80,"Centro de Salud ""SAN ROQUE""",Público,Pavón,,,José C. Paz,Buenos Aires,https://goo.gl/maps/cBY9F3F3Hhty8tsi8,,Servicio Social,,"Martes, Miércoles y Viernes de 08:00:00 - 13:00:00",,,,,
81,"Centro de Salud ""SAN ROQUE""",Público,Pavón,,,José C. Paz,Buenos Aires,https://goo.gl/maps/cBY9F3F3Hhty8tsi8,,Testeo VIH y otras ITS,,"Martes, Miércoles y Viernes de 08:00:00 - 13:00:00",,,,,
273,Hospital Municipal Ostaciana de Lavignole (Consultorios externos),Público,Carlos Pelegrini,622,,Morón,Buenos Aires,https://goo.gl/maps/i8znP9msSiE2,,Servicio Social,Consultorio Externo. Consultorio amigable,Turnos telefónicos o demanda espontánea a las 7 hs excepto jueves. Atención: Viernes 15 a 17.30 hs.,011 4133 3351,,,Asesoramiento legal,
176,HOSPITAL CENTRAL MUNICIPAL DE SAN ISIDRO,Público,Av. Santa Fe,431,,San isidro,Buenos Aires,"https://www.google.com/maps/place/Hospital+Central+de+San+Isidro/@-34.4773811,-58.5126636,17z/data=!4m13!1m7!3m6!1s0x95bcb04b22574a47:0xdb98301501e73197!2sAv.+Sta+Fe+431,+B1641+Mart%C3%ADnez,+Provincia+de+Buenos+Aires!3b1!8m2!3d-34.4773811!4d-58.5104749!3m4!1s0x95bcb04b244179d1:0xe045542e37b47ab5!8m2!3d-34.4775281!4d-58.5101292",,Endocrinología / Hormonización,,,(011) 4512-3707,,,,
250,"HOSPITAL MUNICIPAL ""DR. B. HOUSSAY""",Público,Pres. Hipólito Yrigoyen,1757,,Vicente López,Buenos Aires,https://goo.gl/maps/76NhqjYVtePDJqzn9,,Salud reproductiva,,"Lunes, Miércoles, Jueves 08:00:00 - 16:00:00",11 4796-7200,diversidad.salud@vicentelopez.gob.ar,,"No atienden al telefono, esperando respuesta al mail",
251,"HOSPITAL MUNICIPAL ""DR. B. HOUSSAY""",Público,Pres. Hipólito Yrigoyen,1757,,Vicente López,Buenos Aires,https://goo.gl/maps/76NhqjYVtePDJqzn9,,Atención médica general,,"Lunes, Miércoles, Jueves 08:00:00 - 16:00:00",11 4796-7200,diversidad.salud@vicentelopez.gob.ar,,,
252,"HOSPITAL MUNICIPAL ""DR. B. HOUSSAY""",Público,Pres. Hipólito Yrigoyen,1757,,Vicente López,Buenos Aires,https://goo.gl/maps/76NhqjYVtePDJqzn9,,Psicología / Psiquiatría,,"Lunes, Miércoles, Jueves 08:00:00 - 16:00:00",11 4796-7200,diversidad.salud@vicentelopez.gob.ar,,,
253,"HOSPITAL MUNICIPAL ""DR. B. HOUSSAY""",Público,Pres. Hipólito Yrigoyen,1757,,Vicente López,Buenos Aires,https://goo.gl/maps/76NhqjYVtePDJqzn9,,Endocrinología / Hormonización,,"Lunes, Miércoles, Jueves 08:00:00 - 16:00:00",11 4796-7200,diversidad.salud@vicentelopez.gob.ar,,,
254,"HOSPITAL MUNICIPAL ""DR. B. HOUSSAY""",Público,Pres. Hipólito Yrigoyen,1757,,Vicente López,Buenos Aires,https://goo.gl/maps/76NhqjYVtePDJqzn9,,Servicio Social,,"Lunes, Miércoles, Jueves 08:00:00 - 16:00:00",11 4796-7200,diversidad.salud@vicentelopez.gob.ar,,,
255,"HOSPITAL MUNICIPAL ""DR. B. HOUSSAY""",Público,Pres. Hipólito Yrigoyen,1757,,Vicente López,Buenos Aires,https://goo.gl/maps/76NhqjYVtePDJqzn9,,Testeo VIH y otras ITS,,"Lunes, Miércoles, Jueves 08:00:00 - 16:00:00",11 4796-7200,diversidad.salud@vicentelopez.gob.ar,,,
256,"HOSPITAL MUNICIPAL ""DR. B. HOUSSAY""",Público,Pres. Hipólito Yrigoyen,1757,,Vicente López,Buenos Aires,https://goo.gl/maps/76NhqjYVtePDJqzn9,,Violencia,,"Lunes, Miércoles, Jueves 08:00:00 - 16:00:00",11 4796-7200,diversidad.salud@vicentelopez.gob.ar,,,
341,Policlínico San Justo,Público,Almafuerte,3016,,La Matanza,Buenos Aires,https://goo.gl/maps/2vaGirrcFfz,Gabriela Pagliano,Servicio Social,Programa de Salud Sexual,Turnos: lunes a viernes de 8 a 13 hs.,011 4651 0165 int. 197/ 01146515534 (turnos),,,,
100,"CENTRO DE SALUD N° 22 ""DR. JUAN NAAB""",Público,Salvador Debenedetti,8555,,José León Suárez,Buenos Aires,"https://www.google.com/maps/place/Salvador+Debenedetti+8555,+José+León+Suárez,+Provincia+de+Buenos+Aires/@-34.5343443,-58.5964514,17z/data=!3m1!4b1!4m5!3m4!1s0x95bcba49588eb9c9:0xea92ec30b9362d7!8m2!3d-34.5343443!4d-58.5942627",,Salud reproductiva,,Viernes 13:00:00 - 15:00:00,(011) 4854-8880,,,"Numero equivocado, es el unico que aparece en redes",
101,"CENTRO DE SALUD N° 22 ""DR. JUAN NAAB""",Público,Salvador Debenedetti,8555,,José León Suárez,Buenos Aires,"https://www.google.com/maps/place/Salvador+Debenedetti+8555,+José+León+Suárez,+Provincia+de+Buenos+Aires/@-34.5343443,-58.5964514,17z/data=!3m1!4b1!4m5!3m4!1s0x95bcba49588eb9c9:0xea92ec30b9362d7!8m2!3d-34.5343443!4d-58.5942627",,Endocrinología / Hormonización,,Viernes 13:00:00 - 15:00:00,(011) 4854-8880,,,,
102,"CENTRO DE SALUD N° 22 ""DR. JUAN NAAB""",Público,Salvador Debenedetti,8555,,José León Suárez,Buenos Aires,"https://www.google.com/maps/place/Salvador+Debenedetti+8555,+José+León+Suárez,+Provincia+de+Buenos+Aires/@-34.5343443,-58.5964514,17z/data=!3m1!4b1!4m5!3m4!1s0x95bcba49588eb9c9:0xea92ec30b9362d7!8m2!3d-34.5343443!4d-58.5942627",,Testeo VIH y otras ITS,,Viernes 13:00:00 - 15:00:00,(011) 4854-8880,,,,
413,Unidad Sanitaria Nº 34,Público,Perdriel,,,Merlo,Buenos Aires,https://goo.gl/maps/a3FNNsbriLw,Dra. Natalia Piluzo,Endocrinología / Hormonización,Consultorio Diversidad,Martes 8 a 15 hs.,0220 485 1430,,,Hormonización para mujeres y hombres trans.,
103,"CENTRO DE SALUD N° 22 ""DR. JUAN NAAB""",Público,Salvador Debenedetti,8555,,José León Suárez,Buenos Aires,"https://www.google.com/maps/place/Salvador+Debenedetti+8555,+José+León+Suárez,+Provincia+de+Buenos+Aires/@-34.5343443,-58.5964514,17z/data=!3m1!4b1!4m5!3m4!1s0x95bcba49588eb9c9:0xea92ec30b9362d7!8m2!3d-34.5343443!4d-58.5942627",,Tratamiento VIH,,Viernes 13:00:00 - 15:00:00,(011) 4854-8880,,,,
400,"Unidad Sanitaria N° 3 ""LOMAS DE MARILÓ""",Público,Rosario,,,Trujui,Buenos Aires,https://goo.gl/maps/M6b14SV9UMoYDYMd6,,Salud reproductiva,,Lunes y Miércoles de 13:00:00 - 16:00:00,(0237) 4815607,,,,
402,"Unidad Sanitaria N° 3 ""LOMAS DE MARILÓ""",Público,Rosario,,,Trujui,Buenos Aires,https://goo.gl/maps/M6b14SV9UMoYDYMd6,,Testeo VIH y otras ITS,,Lunes y Miércoles de 13:00:00 - 16:00:00,(0237) 4815607,,,,
403,"Unidad Sanitaria N° 3 ""LOMAS DE MARILÓ""",Público,Rosario,,,Trujui,Buenos Aires,https://goo.gl/maps/M6b14SV9UMoYDYMd6,,Tratamiento VIH,,Lunes y Miércoles de 13:00:00 - 16:00:00,(0237) 4815607,,,,
343,PROGRAMA DE SALUD SEXUAL INTEGRAL - CONSULTORIO DIVERSIDAD,Público,Av. del Libertador,710,,Moreno,Buenos Aires,"https://www.google.com/maps/place/Hospital+Mariano+y+Luciano+de+la+Vega/@-34.6423338,-58.7910319,17z/data=!3m1!4b1!4m13!1m7!3m6!1s0x0:0x0!2s48Q39656%2B48!3b1!8m2!3d-34.6421875!4d-58.7891875!3m4!1s0x95bc944e7191b0dd:0x28bfcff5d99bcc51!8m2!3d-34.6423338!4d-58.7888432",,Endocrinología / Hormonización,,De Lunes a Viernes de 08:00 a 14:00,(0237) 466-2448,,,,
344,PROGRAMA DE SALUD SEXUAL INTEGRAL - CONSULTORIO DIVERSIDAD,Público,Av. del Libertador,710,,Moreno,Buenos Aires,"https://www.google.com/maps/place/Hospital+Mariano+y+Luciano+de+la+Vega/@-34.6423338,-58.7910319,17z/data=!3m1!4b1!4m13!1m7!3m6!1s0x0:0x0!2s48Q39656%2B48!3b1!8m2!3d-34.6421875!4d-58.7891875!3m4!1s0x95bc944e7191b0dd:0x28bfcff5d99bcc51!8m2!3d-34.6423338!4d-58.7888432",,Testeo VIH y otras ITS,,De Lunes a Viernes de 08:00 a 14:00,(0237) 466-2448,,,,
345,PROGRAMA DE SALUD SEXUAL INTEGRAL - CONSULTORIO DIVERSIDAD,Público,Av. del Libertador,710,,Moreno,Buenos Aires,"https://www.google.com/maps/place/Hospital+Mariano+y+Luciano+de+la+Vega/@-34.6423338,-58.7910319,17z/data=!3m1!4b1!4m13!1m7!3m6!1s0x0:0x0!2s48Q39656%2B48!3b1!8m2!3d-34.6421875!4d-58.7891875!3m4!1s0x95bc944e7191b0dd:0x28bfcff5d99bcc51!8m2!3d-34.6423338!4d-58.7888432",,Tratamiento VIH,,De Lunes a Viernes de 08:00 a 14:00,(0237) 466-2448,,,,
183,HOSPITAL DE MORÓN,Público,Dr. Rodolfo Monte,848,,Morón,Buenos Aires,https://goo.gl/maps/JcbhNb13MQhvyN4i6,,Cirugías de afirmación de género,,De Lunes a Viernes de 08:00 a 10:00,(011) 4133-4100,,,No estan haciendo cirugias corporales actualmente.,
37,CAPS N° 4 Dr. Luis Agote,Público,Av. San Martín,1655,,General San Martín,Buenos Aires,https://goo.gl/maps/F792gzAwpY92,,Atención médica general,Servicio de Diversidad,Martes 13 a 16 hs.,011 4580 1056/57,,,,
121,CeSAC n°11,Público,Agüero,940,,Balvanera,CABA,https://goo.gl/maps/VgvXF3n3eQfM5AXx7,Ariel Aguirre,Fonoaudiología,,,011 2821 3611,universodiverso11@gmail.com,,,
248,"Hospital materno infantil ""DR. CARLOS GIANANTONIO""",Privado,Diego Palma,505,,San Isidro,Buenos Aires,"https://www.google.com/maps/place/Diego+Palma+505,+B1642+San+Isidro,+Provincia+de+Buenos+Aires/@-34.4737115,-58.5233571,19z/data=!3m1!4b1!4m5!3m4!1s0x95bcb039831d38b7:0x36d01de9e1e7e5c2!8m2!3d-34.4737115!4d-58.5228099",Griselda Cecchi,Atención médica general,,"MARTES, JUEVES 08:30:00 - 12:30:00",(011) 4512-3919,,,Tratamientos de modificación corporal hormonal para personas trans,
368,Transcribiendo el Futuro,Organización Social,Taboada,2907,,Merlo,Buenos Aires,"https://www.google.com/maps/place/Taboada+2907,+B1722PPE+Merlo,+Provincia+de+Buenos+Aires/@-34.6795593,-58.7828597,17z/data=!3m1!4b1!4m5!3m4!1s0x95bc9527b6d43acf:0xaa75e22e0ded1ab!8m2!3d-34.6795593!4d-58.780671",Wendy Zalazar,Salud reproductiva,si,Lunes a Vierne de 8 a 17,1166015759,wendyswendy931@gmail.com,,,
274,Hospital Municipal Ostaciana de Lavignole (Consultorios externos),Público,Pelegrini,621,,Morón,Buenos Aires,https://goo.gl/maps/i8znP9msSiE2,,Tratamiento VIH,,Viernes 15:00:00 - 17:30:00,(011) 41333311,,,,
392,UNIDAD SANITARIA JUAN MANUEL DE ROSAS - CONSULTORIO AMIGABLE,Público,Ruiz de los Llanos,267,,Isidro Casanova,Buenos Aires,"https://www.google.com/maps/place/Ruiz+de+los+Llanos+267,+Isidro+Casanova,+Provincia+de+Buenos+Aires/@-34.7226363,-58.5754091,17z/data=!3m1!4b1!4m5!3m4!1s0x95bcc5e89763037f:0xba13abb8dd8d7c0e!8m2!3d-34.7226363!4d-58.5732204",,Salud reproductiva,,Miércoles 11:00:00 - 17:00:00,(011) 4694-3877,,,Nadie contesta,
393,UNIDAD SANITARIA JUAN MANUEL DE ROSAS - CONSULTORIO AMIGABLE,Público,Ruiz de los Llanos,267,,Isidro Casanova,Buenos Aires,"https://www.google.com/maps/place/Ruiz+de+los+Llanos+267,+Isidro+Casanova,+Provincia+de+Buenos+Aires/@-34.7226363,-58.5754091,17z/data=!3m1!4b1!4m5!3m4!1s0x95bcc5e89763037f:0xba13abb8dd8d7c0e!8m2!3d-34.7226363!4d-58.5732204",,Endocrinología / Hormonización,,Miércoles 11:00:00 - 17:00:00,(011) 4694-3877,,,Nadie contesta,
394,UNIDAD SANITARIA JUAN MANUEL DE ROSAS - CONSULTORIO AMIGABLE,Público,Ruiz de los Llanos,267,,Isidro Casanova,Buenos Aires,"https://www.google.com/maps/place/Ruiz+de+los+Llanos+267,+Isidro+Casanova,+Provincia+de+Buenos+Aires/@-34.7226363,-58.5754091,17z/data=!3m1!4b1!4m5!3m4!1s0x95bcc5e89763037f:0xba13abb8dd8d7c0e!8m2!3d-34.7226363!4d-58.5732204",,Testeo VIH y otras ITS,,Miércoles 11:00:00 - 17:00:00,(011) 4694-3877,,,Nadie contesta,
164,Fiscalía especializada en Violencia de Género NORTE,Público,Av. Cabildo,3067,3er y 4to piso,Nuñez,CABA,"https://www.google.com/maps/place/Av.+Cabildo+3067,+C1429+AAB,+Buenos+Aires/@-34.5537059,-58.466193,17z/data=!3m1!4b1!4m5!3m4!1s0x95bcb6828991a491:0x3d19269fbb191a61!8m2!3d-34.5537059!4d-58.4640043",,Servicio Social,,,(011)5297-8153 / 5297-8100 int 8234/8235,,http://www.fiscalias.gob.ar/,,
395,UNIDAD SANITARIA JUAN MANUEL DE ROSAS - CONSULTORIO AMIGABLE,Público,Ruiz de los Llanos,267,,Isidro Casanova,Buenos Aires,"https://www.google.com/maps/place/Ruiz+de+los+Llanos+267,+Isidro+Casanova,+Provincia+de+Buenos+Aires/@-34.7226363,-58.5754091,17z/data=!3m1!4b1!4m5!3m4!1s0x95bcc5e89763037f:0xba13abb8dd8d7c0e!8m2!3d-34.7226363!4d-58.5732204",,Tratamiento VIH,,Miércoles 11:00:00 - 17:00:00,(011) 4694-3877,,,Nadie contesta,
396,UNIDAD SANITARIA JUAN MANUEL DE ROSAS - CONSULTORIO AMIGABLE,Público,Ruiz de los Llanos,267,,Isidro Casanova,Buenos Aires,"https://www.google.com/maps/place/Ruiz+de+los+Llanos+267,+Isidro+Casanova,+Provincia+de+Buenos+Aires/@-34.7226363,-58.5754091,17z/data=!3m1!4b1!4m5!3m4!1s0x95bcc5e89763037f:0xba13abb8dd8d7c0e!8m2!3d-34.7226363!4d-58.5732204",,Violencia,,Miércoles 11:00:00 - 17:00:00,(011) 4694-3877,,,Nadie contesta,
404,"UNIDAD SANITARIA N° 9 ""ISLA MACIEL""",Público,Montaña,172,,Dock Sud,Buenos Aires,"https://www.google.com/maps/place/48Q39J6W%2B28/@-34.6399375,-58.3543484,18z/data=!4m5!3m4!1s0x0:0x0!8m2!3d-34.6399375!4d-58.3541875",,Salud reproductiva,,Solo con turno previo por pandemia,2005-9115,,,,
405,"UNIDAD SANITARIA N° 9 ""ISLA MACIEL""",Público,Montaña,172,,Dock Sud,Buenos Aires,"https://www.google.com/maps/place/48Q39J6W%2B28/@-34.6399375,-58.3543484,18z/data=!4m5!3m4!1s0x0:0x0!8m2!3d-34.6399375!4d-58.3541875",,Ginecología,,Solo con turno previo por pandemia,2005-9115,,,,
406,"UNIDAD SANITARIA N° 9 ""ISLA MACIEL""",Público,Montaña,172,,Dock Sud,Buenos Aires,"https://www.google.com/maps/place/48Q39J6W%2B28/@-34.6399375,-58.3543484,18z/data=!4m5!3m4!1s0x0:0x0!8m2!3d-34.6399375!4d-58.3541875",,Proctología / Salud anal,,Solo con turno previo por pandemia,2005-9115,,,,
407,"UNIDAD SANITARIA N° 9 ""ISLA MACIEL""",Público,Montaña,172,,Dock Sud,Buenos Aires,"https://www.google.com/maps/place/48Q39J6W%2B28/@-34.6399375,-58.3543484,18z/data=!4m5!3m4!1s0x0:0x0!8m2!3d-34.6399375!4d-58.3541875",,Endocrinología / Hormonización,,Solo con turno previo por pandemia,2005-9115,,,,
408,"UNIDAD SANITARIA N° 9 ""ISLA MACIEL""",Público,Montaña,172,,Dock Sud,Buenos Aires,"https://www.google.com/maps/place/48Q39J6W%2B28/@-34.6399375,-58.3543484,18z/data=!4m5!3m4!1s0x0:0x0!8m2!3d-34.6399375!4d-58.3541875",,Testeo VIH y otras ITS,,Solo con turno previo por pandemia,2005-9115,,,,
409,"UNIDAD SANITARIA N° 9 ""ISLA MACIEL""",Público,Montaña,172,,Dock Sud,Buenos Aires,"https://www.google.com/maps/place/48Q39J6W%2B28/@-34.6399375,-58.3543484,18z/data=!4m5!3m4!1s0x0:0x0!8m2!3d-34.6399375!4d-58.3541875",,Tratamiento VIH,,Solo con turno previo por pandemia,2005-9115,,,,
370,"UNIDAD SANITARIA ""DOCK SUD""",Público,Mazzini,1325,,Dock Sud,Buenos Aires,"https://www.google.com/maps/place/48Q39M23%2B5M/@-34.6495625,-58.3458125,17z/data=!3m1!4b1!4m5!3m4!1s0x0:0x0!8m2!3d-34.6495625!4d-58.3458125",,Salud reproductiva,,Martes 14:00:00 - 16:00:00,(011) 4205-9633,,,,
372,"UNIDAD SANITARIA ""DOCK SUD""",Público,Mazzini,1325,,Dock Sud,Buenos Aires,"https://www.google.com/maps/place/48Q39M23%2B5M/@-34.6495625,-58.3458125,17z/data=!3m1!4b1!4m5!3m4!1s0x0:0x0!8m2!3d-34.6495625!4d-58.3458125",,Salud bucal,,Martes 14:00:00 - 16:00:00,(011) 4205-9633,,,"No supieron repondersi daban este servicio, LLAMAR DENUEVO",
373,"UNIDAD SANITARIA ""DOCK SUD""",Público,Mazzini,1325,,Dock Sud,Buenos Aires,"https://www.google.com/maps/place/48Q39M23%2B5M/@-34.6495625,-58.3458125,17z/data=!3m1!4b1!4m5!3m4!1s0x0:0x0!8m2!3d-34.6495625!4d-58.3458125",,Testeo VIH y otras ITS,,Martes 14:00:00 - 16:00:00,(011) 4205-9633,,,"No supieron repondersi daban este servicio, LLAMAR DENUEVO",
374,"UNIDAD SANITARIA ""DOCK SUD""",Público,Mazzini,1325,,Dock Sud,Buenos Aires,"https://www.google.com/maps/place/48Q39M23%2B5M/@-34.6495625,-58.3458125,17z/data=!3m1!4b1!4m5!3m4!1s0x0:0x0!8m2!3d-34.6495625!4d-58.3458125",,Tratamiento VIH,,Martes 14:00:00 - 16:00:00,(011) 4205-9633,,,"No supieron repondersi daban este servicio, LLAMAR DENUEVO",
379,"UNIDAD SANITARIA ""VILLA CORINA""",Público,Pierres,,,Villa Dominico,Buenos Aires,https://goo.gl/maps/FTBMbFLpcdMc81oq6,,Salud reproductiva,,Jueves 15:00:00 - 17:00:00,(011) 4207-0046,,,,
380,"UNIDAD SANITARIA ""VILLA CORINA""",Público,Pierres,,,Villa Dominico,Buenos Aires,https://goo.gl/maps/FTBMbFLpcdMc81oq6,,Psicología / Psiquiatría,,Jueves 15:00:00 - 17:00:00,(011) 4207-0046,,,,
381,"UNIDAD SANITARIA ""VILLA CORINA""",Público,Pierres,,,Villa Dominico,Buenos Aires,https://goo.gl/maps/FTBMbFLpcdMc81oq6,,Endocrinología / Hormonización,,Jueves 15:00:00 - 17:00:00,(011) 4207-0046,,,,
382,"UNIDAD SANITARIA ""VILLA CORINA""",Público,Pierres,,,Villa Dominico,Buenos Aires,https://goo.gl/maps/FTBMbFLpcdMc81oq6,,Testeo VIH y otras ITS,,Jueves 15:00:00 - 17:00:00,(011) 4207-0046,,,,
383,"UNIDAD SANITARIA ""VILLA CORINA""",Público,Pierres,,,Villa Dominico,Buenos Aires,https://goo.gl/maps/FTBMbFLpcdMc81oq6,,Tratamiento VIH,,Jueves 15:00:00 - 17:00:00,(011) 4207-0046,,,,
113,"CENTRO MUNICIPAL DE CUIDADO FAMILIAR Y COMUNITARIO ""VILLA AZUL""",Público,Av. Ramón Franco,,,Wilde,Buenos Aires,https://goo.gl/maps/LB7b7skTNFtEyeHZ7,,Salud reproductiva,,Jueves 14:00:00 - 18:00:00,(011) 2004-1009,,,,
114,"CENTRO MUNICIPAL DE CUIDADO FAMILIAR Y COMUNITARIO ""VILLA AZUL""",Público,Av. Ramón Franco,,,Wilde,Buenos Aires,https://goo.gl/maps/LB7b7skTNFtEyeHZ7,,Endocrinología / Hormonización,,Jueves 14:00:00 - 18:00:00,(011) 2004-1009,,,,
115,"CENTRO MUNICIPAL DE CUIDADO FAMILIAR Y COMUNITARIO ""VILLA AZUL""",Público,Av. Ramón Franco,,,Wilde,Buenos Aires,https://goo.gl/maps/LB7b7skTNFtEyeHZ7,,Servicio Social,,Jueves 14:00:00 - 18:00:00,(011) 2004-1009,,,No estan dando asesoria actualmente,
116,"CENTRO MUNICIPAL DE CUIDADO FAMILIAR Y COMUNITARIO ""VILLA AZUL""",Público,Av. Ramón Franco,,,Wilde,Buenos Aires,https://goo.gl/maps/LB7b7skTNFtEyeHZ7,,Testeo VIH y otras ITS,,Jueves 14:00:00 - 18:00:00,(011) 2004-1009,,,,
117,"CENTRO MUNICIPAL DE CUIDADO FAMILIAR Y COMUNITARIO ""VILLA AZUL""",Público,Av. Ramón Franco,,,Wilde,Buenos Aires,https://goo.gl/maps/LB7b7skTNFtEyeHZ7,,Tratamiento VIH,,Jueves 14:00:00 - 18:00:00,(011) 2004-1009,,,,
375,"UNIDAD SANITARIA ""DR. PEDRO ELUSTONDO""",Público,Avellaneda,1147,,Bernal,Buenos Aires,"https://www.google.com/maps/place/Avellaneda+1147,+Bernal+Oeste,+Provincia+de+Buenos+Aires/@-34.721053,-58.2994882,17z/data=!3m1!4b1!4m5!3m4!1s0x95a32df18ba12d5d:0x67fc6a5398908541!8m2!3d-34.721053!4d-58.2972995",,Salud reproductiva,,Lunes 10:00:00 - 14:00:00,,,,"43503000 int 4308, Actualmente se encuentran sin telefono",
376,"UNIDAD SANITARIA ""DR. PEDRO ELUSTONDO""",Público,Avellaneda,1147,,Bernal,Buenos Aires,"https://www.google.com/maps/place/Avellaneda+1147,+Bernal+Oeste,+Provincia+de+Buenos+Aires/@-34.721053,-58.2994882,17z/data=!3m1!4b1!4m5!3m4!1s0x95a32df18ba12d5d:0x67fc6a5398908541!8m2!3d-34.721053!4d-58.2972995",,Ginecología,,Lunes 10:00:00 - 14:00:00,,,,"No hay otros medios para comunicarse, solamente de manera presencial",
377,"UNIDAD SANITARIA ""DR. PEDRO ELUSTONDO""",Público,Avellaneda,1147,,Bernal,Buenos Aires,"https://www.google.com/maps/place/Avellaneda+1147,+Bernal+Oeste,+Provincia+de+Buenos+Aires/@-34.721053,-58.2994882,17z/data=!3m1!4b1!4m5!3m4!1s0x95a32df18ba12d5d:0x67fc6a5398908541!8m2!3d-34.721053!4d-58.2972995",,Endocrinología / Hormonización,,Lunes 10:00:00 - 14:00:00,,,,,
378,"UNIDAD SANITARIA ""DR. PEDRO ELUSTONDO""",Público,Avellaneda,1147,,Bernal,Buenos Aires,"https://www.google.com/maps/place/Avellaneda+1147,+Bernal+Oeste,+Provincia+de+Buenos+Aires/@-34.721053,-58.2994882,17z/data=!3m1!4b1!4m5!3m4!1s0x95a32df18ba12d5d:0x67fc6a5398908541!8m2!3d-34.721053!4d-58.2972995",,Salud bucal,,Lunes 10:00:00 - 14:00:00,,,,,
304,"Hospital Subzonal Materno Infantil ""Dr. Eduardo Oller"" - Consultorio de Salud Sexual Integral, Género y Diversidades",Público,Av. 844,2100,,San Francisco Solano,Buenos Aires,"https://www.google.com/maps/place/48Q36MFV%2B35/@-34.7773125,-58.3070625,17z/data=!3m1!4b1!4m5!3m4!1s0x0:0x0!8m2!3d-34.7773125!4d-58.3070625",Dra. Laura Sasso,Atención médica general,,"MARTES, MIÉRCOLES, JUEVES - DE TARDE Se atiende de lunes a viernes por la mañana, y de martes a jueves también por la tarde. La médica (Dra. Laura Sasso) está de martes a jueves, el resto de los días hay otros profesionales que cubren otras prácticas y atenciones",(011) 4212-2976,,,"La médica (Dra. Laura Sasso) está de martes a jueves, el resto de los días hay otros profesionales que cubren otras prácticas y atenciones",
305,"Hospital Subzonal Materno Infantil ""Dr. Eduardo Oller"" - Consultorio de Salud Sexual Integral, Género y Diversidades",Público,Av. 844,2100,,San Francisco Solano,Buenos Aires,"https://www.google.com/maps/place/48Q36MFV%2B35/@-34.7773125,-58.3070625,17z/data=!3m1!4b1!4m5!3m4!1s0x0:0x0!8m2!3d-34.7773125!4d-58.3070625",Dra. Laura Sasso,Endocrinología / Hormonización,,"MARTES, MIÉRCOLES, JUEVES - DE TARDE Se atiende de lunes a viernes por la mañana, y de martes a jueves también por la tarde",(011) 4212-2976,,,,
384,UNIDAD SANITARIA ARAOZ ALFARO - CONSULTORIO INCLUSIVO TRANSVIVIR,Público,Av. Pres. Hipólito Yrigoyen,10046,,Lomas de Zamora,Buenos Aires,"https://www.google.com/maps/place/Av.+Hipolito+Yrigoyen+10046,+Temperley,+Provincia+de+Buenos+Aires/@-34.7731715,-58.4069951,17z/data=!3m1!4b1!4m5!3m4!1s0x95bcd2eff04d219f:0x40c435cea05b2ce3!8m2!3d-34.7731715!4d-58.4048064",,Endocrinología / Hormonización,,"LUNES, MIÉRCOLES 12:00",(011) 4239-9689,,,,
397,UNIDAD SANITARIA MALVINAS ARGENTINAS - CONSULTORIO DIVERSIDAD,Público,Ing. Guillermo Marconi,,,Palomar,Buenos Aires,"https://www.google.com/maps/place/Centro+De+Salud+Malvinas+Argentinas/@-34.6263198,-58.5812762,17z/data=!3m1!4b1!4m13!1m7!3m6!1s0x95bcb872fcb386f9:0x134dea56f6aea20a!2sIngeniero+Guillermo+Marconi+%26+Cacique+Namuncura,+El+Palomar,+Provincia+de+Buenos+Aires!3b1!8m2!3d-34.6264501!4d-58.5794565!3m4!1s0x95bcb872e40e1943:0x11dfbdc80e9e4a0c!8m2!3d-34.6263198!4d-58.5790875",,Psicología / Psiquiatría,,MIÉRCOLES 08:00:00 - 17:00:00,(011) 46569488,,,,
398,UNIDAD SANITARIA MALVINAS ARGENTINAS - CONSULTORIO DIVERSIDAD,Público,Ing. Guillermo Marconi,,,Palomar,Buenos Aires,"https://www.google.com/maps/place/Centro+De+Salud+Malvinas+Argentinas/@-34.6263198,-58.5812762,17z/data=!3m1!4b1!4m13!1m7!3m6!1s0x95bcb872fcb386f9:0x134dea56f6aea20a!2sIngeniero+Guillermo+Marconi+%26+Cacique+Namuncura,+El+Palomar,+Provincia+de+Buenos+Aires!3b1!8m2!3d-34.6264501!4d-58.5794565!3m4!1s0x95bcb872e40e1943:0x11dfbdc80e9e4a0c!8m2!3d-34.6263198!4d-58.5790875",,Endocrinología / Hormonización,,MIÉRCOLES 08:00:00 - 17:00:00,(011) 46569488,,,,
399,UNIDAD SANITARIA MALVINAS ARGENTINAS - CONSULTORIO DIVERSIDAD,Público,Ing. Guillermo Marconi,,,Palomar,Buenos Aires,"https://www.google.com/maps/place/Centro+De+Salud+Malvinas+Argentinas/@-34.6263198,-58.5812762,17z/data=!3m1!4b1!4m13!1m7!3m6!1s0x95bcb872fcb386f9:0x134dea56f6aea20a!2sIngeniero+Guillermo+Marconi+%26+Cacique+Namuncura,+El+Palomar,+Provincia+de+Buenos+Aires!3b1!8m2!3d-34.6264501!4d-58.5794565!3m4!1s0x95bcb872e40e1943:0x11dfbdc80e9e4a0c!8m2!3d-34.6263198!4d-58.5790875",,Testeo VIH y otras ITS,,MIÉRCOLES 08:00:00 - 17:00:00,(011) 46569488,,,,
29,CAPS N° 16,Público,,,,General Rodríguez,Buenos Aires,"https://www.google.com/maps/place/48Q392PW%2BR4/@-34.6129375,-58.9546875,17z/data=!3m1!4b1!4m5!3m4!1s0x0:0x0!8m2!3d-34.6129375!4d-58.9546875",,Atención médica general,,Lunes a Vienes 08:00:00 - 17:00:00,,,,"Actualmente reubicandose, aun no tienen un numero al cual comunicarse",
13,"CAPS ""LA ESMERALDA"" - ATENCIÓN INTEGRAL DIVERSIDAD SEXUAL",Público,Av. Padre Obispo J. Novak,2266,,Florencio Varela,Buenos Aires,"https://www.google.com/maps/place/Av.+Padre+Obispo+Jorge+Novak+2266,+Florencio+Varela,+Provincia+de+Buenos+Aires/@-34.8201618,-58.2873306,17z/data=!3m1!4b1!4m5!3m4!1s0x95a32bd730a3f53f:0xb90d4c7e8ed26c6f!8m2!3d-34.8201618!4d-58.2851419",,Psicología / Psiquiatría,,Lunes a Vienes 08:00:00 - 17:00:00,(011) 4237-3423,,,Nadie responde ,
14,"CAPS ""LA ESMERALDA"" - ATENCIÓN INTEGRAL DIVERSIDAD SEXUAL",Público,Av. Padre Obispo J. Novak,2266,,Florencio Varela,Buenos Aires,"https://www.google.com/maps/place/Av.+Padre+Obispo+Jorge+Novak+2266,+Florencio+Varela,+Provincia+de+Buenos+Aires/@-34.8201618,-58.2873306,17z/data=!3m1!4b1!4m5!3m4!1s0x95a32bd730a3f53f:0xb90d4c7e8ed26c6f!8m2!3d-34.8201618!4d-58.2851419",,Ginecología,,Lunes a Vienes 08:00:00 - 17:00:00,(011) 4237-3423,,,,
15,"CAPS ""LA ESMERALDA"" - ATENCIÓN INTEGRAL DIVERSIDAD SEXUAL",Público,Av. Padre Obispo J. Novak,2266,,Florencio Varela,Buenos Aires,"https://www.google.com/maps/place/Av.+Padre+Obispo+Jorge+Novak+2266,+Florencio+Varela,+Provincia+de+Buenos+Aires/@-34.8201618,-58.2873306,17z/data=!3m1!4b1!4m5!3m4!1s0x95a32bd730a3f53f:0xb90d4c7e8ed26c6f!8m2!3d-34.8201618!4d-58.2851419",,Atención médica general,,Lunes a Vienes 08:00:00 - 17:00:00,(011) 4237-3423,,,,
109,Centro de Salud Villa Vatteone,Público,Av. 12 de Octubre,363,,Florencio Varela,Buenos Aires,https://goo.gl/maps/vxULcaDNJHv,,Endocrinología / Hormonización,,Lunes a Viernes 08:00:00 - 14:00:00,(011) 4287-3160,,,"Nadie responde, es el unico numero que aparece en internet.",
259,Hospital Municipal Dr. Angel Pintos,Público,Amado Diab,270,,Azul,Buenos Aires,https://goo.gl/maps/QQDNa5Gt51F2,,Salud reproductiva,Consultorio Diversidad,Lunes a Viernes 8 a 13 hs.,02281 43 5200 int 433127,,,Sexología: Miércoles 17 hs.,
30,CAPS N° 22 RANELAGH,Público,Calle 359,,,Ranelagh,Buenos Aires,"https://www.google.com/maps/place/Calle+303+%26+Calle+359,+B1886+Ranelagh,+Provincia+de+Buenos+Aires/@-34.7907139,-58.2116011,17z/data=!4m13!1m7!3m6!1s0x95a32894ea361a95:0xd224d77af1878c08!2sCalle+303+%26+Calle+359,+B1886+Ranelagh,+Provincia+de+Buenos+Aires!3b1!8m2!3d-34.7901676!4d-58.2104746!3m4!1s0x95a32894ea361a95:0xd224d77af1878c08!8m2!3d-34.7901676!4d-58.2104746",,Salud reproductiva,,Miércoles 15:00:00 - 18:00:00,(011) 4356-9200 int. 2022,,,"Nadie responde, es el unico numero que aparece en internet.",
31,CAPS N° 22 RANELAGH,Público,Calle 359,,,Ranelagh,Buenos Aires,"https://www.google.com/maps/place/Calle+303+%26+Calle+359,+B1886+Ranelagh,+Provincia+de+Buenos+Aires/@-34.7907139,-58.2116011,17z/data=!4m13!1m7!3m6!1s0x95a32894ea361a95:0xd224d77af1878c08!2sCalle+303+%26+Calle+359,+B1886+Ranelagh,+Provincia+de+Buenos+Aires!3b1!8m2!3d-34.7901676!4d-58.2104746!3m4!1s0x95a32894ea361a95:0xd224d77af1878c08!8m2!3d-34.7901676!4d-58.2104746",,Endocrinología / Hormonización,,Miércoles 15:00:00 - 18:00:00,(011) 4356-9200 int. 2022,,,,
231,Hospital Jose María Ramos Mejía,Público,General Urquiza,609,,Balvanera,CABA,https://goo.gl/maps/npMgdKi7xfE2,,Testeo VIH y otras ITS,,,011 4931 1884,,,Se realiza test rápido de VIH,
232,Hospital Jose María Ramos Mejía,Público,General Urquiza,609,,Balvanera,CABA,https://goo.gl/maps/npMgdKi7xfE2,,Tratamiento VIH,,,011 4931 1884,,,,
181,Hospital de Infecciosas Francisco Javier Muñiz,Público,Uspallata,2272,,Parque Patricios,CABA,https://goo.gl/maps/PRkVAPoDpW92,,Testeo VIH y otras ITS,Infectología,,011 4304 2180,,,,
8,Barrios de Pie distrito Avellaneda,Público,Av. Bartolome Mitre,1620,,Avellaneda,Buenos Aires,https://goo.gl/maps/1inS6de6WbRedymk8,,Servicio Social,,,1135016153,somosenavellaneda@gmail.com,,a este numero tampoco responden 011 6171-5513,
182,Hospital de Infecciosas Francisco Javier Muñiz,Público,Uspallata,2272,,Parque Patricios,CABA,https://goo.gl/maps/PRkVAPoDpW92,Grupo Trans Vivir,Grupos de pares,,Lunes 14 a 17 hs.,011 4304 2180,,http://www.buenosaires.gob.ar/hospitalmuniz,,
153,"Dirección de Diversidad de la Subsecretaría de Mujeres, Géneros",Público,Av Belgrano,1124,Planta baja,Avellaneda,Buenos Aires,https://goo.gl/maps/k2XUsPhNsugdTwVb7,Romina Bustamante,Salud reproductiva,,,1136888699,romina_busrez@hotmail.com,,,
154,"Dirección de Diversidad de la Subsecretaría de Mujeres, Géneros",Público,Av Belgrano,1124,Planta baja,Avellaneda,Buenos Aires,https://goo.gl/maps/k2XUsPhNsugdTwVb7,Romina Bustamante,Servicio Social,,,1136888699,romina_busrez@hotmail.com,,,
155,"Dirección de Diversidad de la Subsecretaría de Mujeres, Géneros",Público,Av Belgrano,1124,Planta baja,Avellaneda,Buenos Aires,https://goo.gl/maps/k2XUsPhNsugdTwVb7,Romina Bustamante,Cirugías de afirmación de género,,,1136888699,romina_busrez@hotmail.com,,,
355,Sanatorio Regional Luján de Cuyo,Privado,San Martín,928,,Luján de Cuyo,Mendoza,https://goo.gl/maps/kGVEDoQ9X1D2,"BECHARA MARIA TERESA (sabados), MARIANETTI GUSTAVO (viernes), ROSSLER GISELA (miercoles)",Atención médica general,,"Sabado de 11 a 11:40, Viernes de 15 a 19:30, miercoles de8:30 a 10:30",(0261) 498-0224/ 0434 Whatsapp 2612054526,info@sregional.com.ar,http://www.sregional.com.ar,,
173,Hogar de Cristo,Público,Av. del Barco Centenera,1967,,Parque Chacabuco,CABA,"https://www.google.com/maps/place/Av.+del+Barco+Centenera+1967,+C1424+CABA/@-34.641371,-58.4412525,15z/data=!4m5!3m4!1s0x95bccbb090800f85:0x272431016079f665!8m2!3d-34.6413754!4d-58.4324978",,Servicio Social,Santiago,,1161455615,casamasantonio@gmail.com,,,
137,Consultorio Amigable Chivilcoy,Público,Av. 9,,,Chivilcoy,Buenos Aires,"https://www.google.com/maps/place/Av.+Pastor+Obligado+%26+Av.+Protesta+de+los+Labradores,+Chivilcoy,+Provincia+de+Buenos+Aires/@-34.882449,-60.0046146,17z/data=!3m1!4b1!4m5!3m4!1s0x95bea5682ad35349:0xd5d909d6726a0f29!8m2!3d-34.8824534!4d-60.0024259",Victoria Ocampo,Salud reproductiva,,,2346574405,vic4485@hotmail.com,,,
138,Consultorio Amigable Chivilcoy,Público,Av. 9,,,Chivilcoy,Buenos Aires,"https://www.google.com/maps/place/Av.+Pastor+Obligado+%26+Av.+Protesta+de+los+Labradores,+Chivilcoy,+Provincia+de+Buenos+Aires/@-34.882449,-60.0046146,17z/data=!3m1!4b1!4m5!3m4!1s0x95bea5682ad35349:0xd5d909d6726a0f29!8m2!3d-34.8824534!4d-60.0024259",Victoria Ocampo,Atención médica general,,,2346574405,vic4485@hotmail.com,,,
139,"Consultorio de Diversidad ""San Martín""",Público,Av.Márquez,,,José León Suárez,Buenos Aires,"https://www.google.com/maps/place/Hospital+Fleming/@-34.5406857,-58.5969434,14z/data=!4m8!1m2!2m1!1sAv.Márquez+y+San+Ramón,+jose+leon+suarez+!3m4!1s0x0:0xcb09d6882b433e0d!8m2!3d-34.5460763!4d-58.5811776",Fiorella Genesis,Salud reproductiva,,,4580-1066 / 1050,genesis.fiorella@hotmail.com,,,
140,"Consultorio de Diversidad ""San Martín""",Público,Av.Márquez,,,José León Suárez,Buenos Aires,"https://www.google.com/maps/place/Hospital+Fleming/@-34.5406857,-58.5969434,14z/data=!4m8!1m2!2m1!1sAv.Márquez+y+San+Ramón,+jose+leon+suarez+!3m4!1s0x0:0xcb09d6882b433e0d!8m2!3d-34.5460763!4d-58.5811776",Fiorella Genesis,Atención médica general,,,4580-1066 / 1050,genesis.fiorella@hotmail.com,,,
141,"Consultorio de Diversidad ""San Martín""",Público,Av.Márquez,,,José León Suárez,Buenos Aires,"https://www.google.com/maps/place/Hospital+Fleming/@-34.5406857,-58.5969434,14z/data=!4m8!1m2!2m1!1sAv.Márquez+y+San+Ramón,+jose+leon+suarez+!3m4!1s0x0:0xcb09d6882b433e0d!8m2!3d-34.5460763!4d-58.5811776",,Servicio Social,,,4580-1066 / 1050,genesis.fiorella@hotmail.com,,,
366,Subsecretaría de Infancias y adolescencias Trans,Público,Av. Jujuy,1343,,Almagro,CABA,"https://www.google.com/maps/place/Av.+Jujuy+1343,+C1247ABB+CABA/@-34.6255926,-58.4039647,17z/data=!3m1!4b1!4m5!3m4!1s0x95bccb1db510abd3:0xc1c0066ac7c9010c!8m2!3d-34.625597!4d-58.401776",Lisandro Cottone,Atención médica general,,Martes 9 a 12 con turno (por video llamada),1167929324,infanciasyadolescenciastrans@gmail.com,,,
330,La Rosa Naranja,Organización Social,Santiago del Estero,1376,,Constitución,CABA,"https://www.google.com/maps/place/Santiago+del+Estero+1376,+Buenos+Aires/@-34.6244271,-58.3864486,17z/data=!3m1!4b1!4m5!3m4!1s0x95bccb25eb2d2719:0x1830cb4309cdc7cc!8m2!3d-34.6244315!4d-58.3842599",Marcela Tobaldi,Salud reproductiva,,,1166459014,info@larosanaranja.org,,No responden a ese numero. Esperando respuesta al Mail.,
331,La Rosa Naranja,Organización Social,Santiago del Estero,1376,,Constitución,CABA,"https://www.google.com/maps/place/Santiago+del+Estero+1376,+Buenos+Aires/@-34.6244271,-58.3864486,17z/data=!3m1!4b1!4m5!3m4!1s0x95bccb25eb2d2719:0x1830cb4309cdc7cc!8m2!3d-34.6244315!4d-58.3842599",Marcela Tobaldi,Grupos de pares,,,1166459014,info@larosanaranja.org,,No responden a ese numero. Esperando respuesta al Mail.,
332,La Rosa Naranja,Organización Social,Santiago del Estero,1376,,Constitución,CABA,"https://www.google.com/maps/place/Santiago+del+Estero+1376,+Buenos+Aires/@-34.6244271,-58.3864486,17z/data=!3m1!4b1!4m5!3m4!1s0x95bccb25eb2d2719:0x1830cb4309cdc7cc!8m2!3d-34.6244315!4d-58.3842599",Marcela Tobaldi,Servicio Social,,,1166459014,info@larosanaranja.org,,No responden a ese numero. Esperando respuesta al Mail.,
371,"UNIDAD SANITARIA ""DOCK SUD""",Público,Mazzini,1325,,Dock Sud,Buenos Aires,"https://www.google.com/maps/place/48Q39M23%2B5M/@-34.6495625,-58.3458125,17z/data=!3m1!4b1!4m5!3m4!1s0x0:0x0!8m2!3d-34.6495625!4d-58.3458125",,Endocrinología / Hormonización,,Martes 14:00:00 - 16:00:00,(011) 4205-9633,,,"No supieron repondersi daban este servicio, LLAMAR DENUEVO",
9,Barrios de Pie Feminismo Popular y Diversidad,Organización Social,Anchorena,345,,Balvanera,CABA,"https://www.google.com/maps/place/Dr.+Tomás+Manuel+de+Anchorena+345,+C1170+ACE,+Buenos+Aires/@-34.6059397,-58.4131916,17z/data=!3m1!4b1!4m5!3m4!1s0x95bccaf352b5fba7:0x8f0b76cdd820f985!8m2!3d-34.6059441!4d-58.4110029",,Servicio Social,,,1151596040,somosenavellaneda@gmail.com,,,
150,Cooperativa La Paquito,Organización Social,Arzobispo Espinosa,1167,,La Boca,CABA,"https://www.google.com/maps/place/Arzobispo+Espinosa+1165,+C1165+AAC,+Buenos+Aires/@-34.6334561,-58.3717474,17z/data=!3m1!4b1!4m5!3m4!1s0x95a334ca9b351065:0x3cb69f643bec7d2a!8m2!3d-34.6334605!4d-58.3695587",Diana Aravena,Servicio Social,,,1128718016,lapaquito@gmail.com,,ahora atienden espinosa al 1167,
159,Espacio Feminista de Mujeres y Disidencias FPDS,Organización Social,Olavarría,398,,La Boca,CABA,"https://www.google.com/maps/place/Olavarr%C3%ADa+398,+C1162+CABA/@-34.6361155,-58.3605419,17z/data=!3m1!4b1!4m5!3m4!1s0x95a334ba2c33ef23:0x74869eea9a29b910!8m2!3d-34.6361155!4d-58.3583532",Farelis Silva,Servicio Social,,,1169305498,proyectos.dsantillan@gmail.com,,,
365,Subsecretaría de DDHH y Pluralismo Cultural,Público,Juan Domingo Perón,3175,,Almagro,CABA,"https://www.google.com/maps/place/Pres.+Tte.+Gral.+Juan+Domingo+Perón+3175,+C1198+AAG,+Buenos+Aires/@-34.607765,-58.420249,15z/data=!4m5!3m4!1s0x95bccaf362f6c301:0x17a381ada5cf63f7!8m2!3d-34.6077694!4d-58.4114943",Natasha Steinberg,Servicio Social,,,1133209287,convivenciaenladiversidad@buenosaires.gob.ar,,El numero esta desactivado. Esperando respuestas en el Mail.,
149,Consultorio Trans Vivir de Lomas de Zamora,Público,Av. Hipólito Yrigoyen,10046,,Temperley,Buenos Aires,"https://www.google.com/maps/place/Av.+Hipolito+Yrigoyen+10046,+Temperley,+Provincia+de+Buenos+Aires/@-34.7731671,-58.4135611,15z/data=!4m5!3m4!1s0x95bcd2eff04d219f:0x40c435cea05b2ce3!8m2!3d-34.7731715!4d-58.4048064","Marcela Tobaldi, Silvana Sosa",Salud reproductiva,,,1164853289,sosasilvana07@gmail.com,,peservativos en catrobarro 130 entre vergara y alsina ,
6,BA VIHSIDA,Público,Sin dirección,,,La Plata,Buenos Aires,https://www.google.com.ar/maps/search/la%20plata?hl=es-419&source=opensearch,,Salud reproductiva,,,0221 429 29 81/85,ba.vihsida@gmail.com,,Abastecimiento de preservativos para organizaciones sociales.,
367,Trans Vivir Hospital Fernandez / toxicología,Público,Cerviño,3356,,Palermo,CABA,"https://www.google.com/maps/place/Hospital+General+de+Agudos+Dr.+Juan+A.+Fernández/@-34.5813889,-58.4069444,15z/data=!4m5!3m4!1s0x0:0xeb42c7229c2253c3!8m2!3d-34.5813889!4d-58.4069444",Ángeles Rojas,Consumo problemático de drogas/alcohol,,,115760375,,,tampoco atiende al 5032-6335,
350,"Registro de anotación voluntaria de personas travestis, transexuales /o transgénero",Público,Sin calle,,,CABA,CABA,"https://www.google.com.ar/maps/place/Buenos+Aires,+CABA/@-34.6156625,-58.5033386,12z/data=!3m1!4b1!4m5!3m4!1s0x95bcca3b4ef90cbd:0xa0b3812e88e88e87!8m2!3d-34.6036844!4d-58.3815591?hl=es-419",,Servicio Social,,,,registrocupotrans@mingeneros.gob.ar,https://www.argentina.gob.ar/generos/formulario-inscripcion-registro-cupo-laboral-travesti-trans,Formulario para inscribirse al Registro de aspirantes para ingresar al sector público nacional por cupo laboral travesti-trans,
369,UFEM - Unidad Especializada en Violencia contra las Mujeres,Público,Peron,667,2do piso,San Nicolás,CABA,"https://www.google.com/maps/place/Viamonte+1145,+C1053+ABW,+Buenos+Aires/@-34.6002964,-58.3854034,17z/data=!3m1!4b1!4m5!3m4!1s0x95bccac87f89316d:0x163e2e7952e40890!8m2!3d-34.6002964!4d-58.3832147",Nora Noe,Servicio Social,,"de lunes a viernes 9 a 17 (semi presencial, llamar primero)",6089 9074 (fiscalia),ufem@mps.gov.ar,https://www.mpf.gob.ar/ufem/,Toman denuncia pero no hacen asesoramiento,
165,Fiscalía especializada en Violencia de Género SUDESTE,Público,Bartolome Mitre,1735,4to y 7mo piso,San Nicolás,CABA,"https://www.google.com/maps/place/Bartolomé+Mitre+1735,+C1037+ABG,+Buenos+Aires/@-34.6078944,-58.393353,17z/data=!3m1!4b1!4m5!3m4!1s0x95bccac306f0173b:0xd25e41b5152d0324!8m2!3d-34.6078944!4d-58.3911643",,Servicio Social,,,"(011) 5295-2500, Int: 2416 / 5295-2525",,http://www.fiscalias.gob.ar/,,
163,Fiscalía especializada en Violencia de Género ESTE,Público,Antonio Beruti,3345,2do y 3er piso,Palermo,CABA,"https://www.google.com/maps/place/Beruti+3345,+C1425+BBQ,+Buenos+Aires/@-34.5871274,-58.4115428,17z/data=!3m1!4b1!4m5!3m4!1s0x95bcca82436dc341:0x588b0a69f2dc27c0!8m2!3d-34.5871274!4d-58.4093541",,Servicio Social,,,011) 4014-1925 / 4014-1948,,http://www.fiscalias.gob.ar/,,
162,Fiscalía especializada en Violencia de Género de la Unidad Fiscal SUR,Público,Av. Paseo Colón,1333,"3er piso, Contra Frente y Frente",San Telmo,CABA,"https://www.google.com/maps/place/Av.+Paseo+Colón+1333,+C1063+ADA,+Buenos+Aires/@-34.6232821,-58.3706636,17z/data=!3m1!4b1!4m5!3m4!1s0x95a334d2799bf51f:0x63dbdf2e388142fc!8m2!3d-34.6232821!4d-58.3684749",,Servicio Social,,,(011) 5299-4400 Int: 4538 / 4579 /4566,,http://www.fiscalias.gob.ar/,,
160,"Fiscalía Especializada de violencia familiar, de género y contra la integridad sexual N° 2",Público,Avenida Comisionado José Indart,2676,1er piso,La Matanza,Buenos Aires,"https://www.google.com/maps/place/Comisionado+José+Indart+2676,+San+Justo,+Provincia+de+Buenos+Aires/@-34.682108,-58.5631384,16z/data=!4m5!3m4!1s0x95bcc626bfa128bb:0x68738a6bd2f88f7e!8m2!3d-34.682108!4d-58.558761",,Servicio Social,,,(011) 4482-3885 / 4441-1309,,https://www.mpba.gov.ar/mapa,,
167,Fiscalía vinculada a la violencia familiar y de género (UFIG 10),Público,Cristobal Colón,245,1er piso,Morón,Buenos Aires,"https://www.google.com/maps/place/Cristóbal+Colón+245,+Morón,+Provincia+de+Buenos+Aires/@-34.6507779,-58.6298626,17z/data=!3m1!4b1!4m5!3m4!1s0x95bcc75edc46a539:0x86b2b7433b55a83d!8m2!3d-34.6507779!4d-58.6276739",,Servicio Social,,,(011) 4483-2294,,https://www.mpba.gov.ar/mapa.html,,
161,Fiscalía Especializada en Violencia de Género,Público,Ituzaingó,174,,San Isidro,Buenos Aires,"https://www.google.com/maps/place/Ituzaingó+174,+B1642+DPD,+Provincia+de+Buenos+Aires/@-34.4702164,-58.5158941,17z/data=!3m1!4b1!4m5!3m4!1s0x95bcb033fa9b71db:0xf9ebaf84ee9909b3!8m2!3d-34.4702164!4d-58.5137054",,Servicio Social,,,(011) 4743-8897 /4747-8569 / 4747-7358 (fax),,https://www.mpba.gov.ar/mapa.html,,
166,Fiscalía especializada en violencia de Género y Abuso infantil,Público,,,,Tigre,Buenos Aires,"https://www.google.com/maps/place/Entre+R%C3%ADos+559,+B1611FZF+Don+Torcuato,+Provincia+de+Buenos+Aires/@-34.4854988,-58.6396777,17z/data=!3m1!4b1!4m5!3m4!1s0x95bca4ae87d866a5:0xfbeef4981ff6fa0e!8m2!3d-34.4854988!4d-58.637489",,Servicio Social,,,4715651 /52  48592534 /32,,https://www.mpba.gov.ar/mapa.html,,"Llamar denuevo, nuevo numero y direccion"
5,Autoconvocadas,Organización Social,Sin calle,,,CABA,CABA,"https://www.google.com.ar/maps/place/Buenos+Aires,+CABA/@-34.6454592,-58.4033012,10.24z/data=!4m5!3m4!1s0x95bcca3b4ef90cbd:0xa0b3812e88e88e87!8m2!3d-34.6036844!4d-58.3815591?hl=es-419",Gabriela Abreliano,Servicio Social,,24 hs,1159008015,gabyabreliano@gmail.com,,"Facebook: Personas Trans Autoconvocadas, Frente Florida",
349,RAJAP,Organización Social,Sin calle,,,CABA,CABA,"https://www.google.com.ar/maps/place/Buenos+Aires,+CABA/@-34.6454592,-58.4033012,10.24z/data=!4m5!3m4!1s0x95bcca3b4ef90cbd:0xa0b3812e88e88e87!8m2!3d-34.6036844!4d-58.3815591?hl=es-419",Ariel Correa,Grupos de pares,,Todos los dias,011 4075-8704,jovenespositivos@gmail.com,,Otro email de contacto: rajapcaba@gmail.com,Miercoles de 18 a 21 (encuentros virtuales) domingos de 16 a 18 (encuentros en parque centenario)
174,"Hospital ""Mi Pueblo""",Público,Galli Mainini,240,,Florencio Varela,Buenos Aires,https://goo.gl/maps/DMG8wkM6rW9fLXFg9,Juan Pablo Stagnaro,Salud reproductiva,,Lunes a Jueves 9 a 13,01142557809/10 int. 142,,,,
175,"Hospital ""Mi Pueblo""",Público,Galli Mainini,240,,Florencio Varela,Buenos Aires,https://goo.gl/maps/DMG8wkM6rW9fLXFg9,Juan Pablo Stagnaro,Atención médica general,,Lunes a Jueves 9 a 13,01142557809/10 int. 142,,,,
178,Hospital de Ezeiza,Público,Leandro N. Alem,349,,Ezeiza,Buenos Aires,https://goo.gl/maps/gSND9FUrkpzTZhmk6,Osuna Carolina Duran Vanesa,Salud reproductiva,,Martes y Jueves de 08 a 10 hs,43891215,infectologiaezeiza2020@gmail.com,,Esperando respuesta al Mail,
306,"Hospital Subzonal Materno Infantil ""Dr. Eduardo Oller"" - Consultorio de Salud Sexual Integral, Género y Diversidades",Público,Av. 844,2100,,San Francisco Solano,Buenos Aires,"https://www.google.com/maps/place/48Q36MFV%2B35/@-34.7773125,-58.3070625,17z/data=!3m1!4b1!4m5!3m4!1s0x0:0x0!8m2!3d-34.7773125!4d-58.3070625",,Salud reproductiva,,,(011) 4212-2976,personal-iriarte@ms.gba.gov.ar,,,
205,Hospital Interzonal Gral de agudos Evita,Público,Río de Janeiro,1910,,Lanús,Buenos Aires,https://goo.gl/maps/Dwigw32waqeFRCQd9,Daniel Sztokhamer,Salud reproductiva,,Lunes a viernes 8 a 13,42414051 al 59,laboratorioevitahiv@gmail.com,,,
278,Hospital Narciso López,Público,O Higgins,1333,,Lanús,Buenos Aires,https://goo.gl/maps/92pfc7ERV7HKWC5Q8,Douglas Norma,Salud reproductiva,,Martes y Jueves 8 a 12:30,1541439019,nlopez@ms.gba.gov.ar,,,
110,Centro Enfermedades Transmisibles,Público,Av. del Libertador,710,,Moreno,Buenos Aires,https://goo.gl/maps/aqRBa8bEMKiW2KNX7,Carlevaro Rubén,Salud reproductiva,,Martes todo el día,2374631776,,,No estan haciendo entrega de preservativos y anticonceptivos por el momento,
249,Hospital Muncipal de Morón,Público,Dr. Monte,848,,Morón,Buenos Aires,https://goo.gl/maps/ecW4n8eMisWbypWJ9,Warley Eduardo,Salud reproductiva,,"Lunes, miérc., viernes",41334100,dirimed.hospital@moron.gov.ar,,,
247,Hospital Luciano y Mariano Vega,Público,Av. Libertador,710,,Moreno,Buenos Aires,https://goo.gl/maps/PD9NW4ny6EXajBqbA,"Fariña Javier, Díaz Natalia",Salud reproductiva,,Viernes 09:00 hs,1126196178,infectologiamoreno@gmail.com,,"Numero particular, Llamar denuevo la semana del 30/8",
294,Hospital Ramón Carrillo San Vicente,Público,Santoro,1865,,San Vicente,Buenos Aires,https://goo.gl/maps/xtS1SVYgD8Hku1Se6,Bertoni Guillermo,Salud reproductiva,,Martes 08:00 hs,2225481387,,,,
186,Hospital Fiorito,Público,Av. Manuel Belgrano,827,,Avellaneda,Buenos Aires,https://goo.gl/maps/XZvHWwFjGiTgsaca7,Blasco Marta,Salud reproductiva,,Lunes a viernes 10 a 12,42013081/87,lusida05@yahoo.com.ar,,,
76,Centro de Medicina Preventiva Floreal Ferrara,Público,Sitio de Montevideo,1862,,Lanús,Buenos Aires,https://goo.gl/maps/U7ZuRWcqVyqibK6p8,Blum Hernán,Salud reproductiva,,Lunes y viernes 13.30,43575100,itslanus@gamil.com,,,
185,Hospital Especializado Materno Infantil Ana Goitia,Público,Vicente López,1737,,Avellaneda,Buenos Aires,https://goo.gl/maps/5fz5kBsknqpPvjK66,Kobylarz Alicia,Salud reproductiva,,Lunes a sábados 8 a 20,1132469347,,,No estan haciendo entrega de preservativos y anticonceptivos por el momento,
328,Instituto Municipal Rehabilitacion Avellaneda,Público,Rodo,300,,Avellaneda,Buenos Aires,https://goo.gl/maps/ocGNyMaXRg4EVkys5,Toller Marcela,Salud reproductiva,,Lunes y Miércoles,1142060884,,,"No reponden, tampoco al 7720-2512",
342,Policlínico Sofía T. Santamarina,Público,General Alvear,350,,Esteban Echeverría,Buenos Aires,https://goo.gl/maps/ZFwqJFYbcXNVTLNb8,Forciniti Victoria,Salud reproductiva,,Todos los dias, (011) 4296-8872 Int.110,infectosantamarina@yahoo.com,,,
320,Hospital Zonal Gral. agudos Heroes de Malvinas,Público,Av. Ricardo Balbín,1910,,Merlo,Buenos Aires,https://goo.gl/maps/j1fb44oG2kaVWQTE6,Lopez Marta,Salud reproductiva,,Lunes a jueves 12 a 14,220 4831000 / 4833333 int 1234,,,,
184,Hospital Dr. Raúl Larcade,Público,Av. Presidente Perón,2311,,San Miguel,Buenos Aires,https://goo.gl/maps/WDpNLkAaJ6JiBZBb8,Fernandez Alejandra,Salud reproductiva,,Lunes y viernes de 8 a 13 hs,44515830,,,,
10,Buenos Deseos,Organización Social,A.v. Presidente Perón,5249,1º C,Benavidez,Buenos Aires,https://goo.gl/maps/PhoocAaWCkNQviXM9,Gonzalo Orzuza,Psicología / Psiquiatría,,Miércoles 16 a 18,1124000513,orzuzagonzalo@gmail.com,,No responden por ningun medio,
11,Buenos Deseos,Organización Social,A.v. Presidente Perón,5249,1º C,Benavidez,Buenos Aires,https://goo.gl/maps/PhoocAaWCkNQviXM9,Gonzalo Orzuza,Testeo VIH y otras ITS,,Miércoles 16 a 18,1124000513,orzuzagonzalo@gmail.com,,,
4,Atención en salud mental,Público,Linea Telefonica,,,La Plata,Buenos Aires,https://goo.gl/maps/4aFXW6QWHhZFXnoY6,,Psicología / Psiquiatría,,24 hs,0800-222-5462,,,,
213,Hospital Interzonal Gral. José Penna,Público,Av. Lainez,2401,,Bahía Blanca,Buenos Aires,https://goo.gl/maps/r1R2H2bZoyx,"Laura Flores, Inés Balza",Endocrinología / Hormonización,,Lunes y viernes 8 a 13hs,0291 4593600 int 308,direccion-penna@ms.gba.gov.ar / rrhhpenna@ms.gba.gov.ar,http://www.hospitalpenna.com.ar/,Hormonización para mujeres y hombres trans.,